ptid,DNA,OMEGA,omega_code,EDEN,eden_code,Gender,Ethnicity,Race,Age,PLI,apache,Death14,Death30,Death60,Death90,Days2Death,Ventfree,ICUfree,CVDfree,CNSfree,Coagfree,Renalfree,Hepaticfree,Failurefree,rs509360_F1,rs174537_F1,rs174570_F2,rs174579_F2,rs174602_F2,rs17831757_F2,rs2072114_F2,rs482548_F2,rs498793_F2,rs526126_F2,rs7935946_F2,rs174616_F2,rs174611_F2,rs2845573_F2,rs174456_F3,rs7394871_F3,rs7942717_F3,rs174468_FADS,rs174532_FADS,rs17762402_FADS,rs412334_FADS,rs740006_FADS,rs12807005_FADS,rs174627_FADS,rs174448_FADS,rs12195587_E2,rs1238670_E2,rs13204015_E2,rs2281591_E2,rs3734397_E2,rs4532436_E2,rs7755145_E2,rs7760683_E2,rs911196_E2,rs10948748_E5,rs1346602_E5,rs1518514_E5,rs17544159_E5,rs17544187_E5,rs209492_E5,rs2281274_E5,rs2294852_E5,rs4394207_E5,rs6458920_E5,rs9463904_E5
7002,200905072,Omega_oil,1,EDEN_full,0,0,2,0,62,Aspiration,76,0,0,0,0,91,25,23,25,22,28,28,28,25,G,T,C,CT,T,T,GA,C,C,C,C,G,T,AG,A,C,A,GA,G,G,C,T,G,G,A,G,A,T,GA,GA,GC,C,G,T,A,C,G,A,T,T,T,G,G,GA,A
7024,200905917,Omega_oil,1,EDEN_trophic,1,0,2,0,56,Pneumonia,55,0,0,0,0,91,28,26,28,23,28,28,28,28,G,T,CT,T,C,T,A,C,T,CG,C,A,CT,A,C,C,A,G,G,G,C,T,G,GA,G,G,A,T,A,A,C,C,G,T,A,C,G,A,T,T,T,CG,G,G,A
7029,200905432,Omega_placebo,0,EDEN_full,0,1,2,0,58,Pneumonia,77,0,0,0,0,91,23,20,0,22,28,28,28,0,G,T,CT,T,CT,T,A,C,T,CG,C,A,CT,A,C,C,A,G,G,G,C,T,G,GA,G,G,A,T,A,A,G,C,G,G,A,C,G,A,T,T,TC,C,G,GA,A
7031,200904339,Omega_placebo,0,EDEN_full,0,0,2,0,66,Aspiration,63,0,0,0,0,91,23,21,28,22,27,28,28,27,G,T,C,T,T,T,A,C,C,G,C,A,C,A,C,C,A,G,G,G,C,T,G,A,G,G,A,T,A,GA,GC,C,G,T,GA,C,AG,A,T,T,TC,CG,G,GA,A
7044,200904333,Omega_oil,1,EDEN_full,0,0,2,3,55,Multiple Transfusion,97,0,0,0,0,91,25,25,22,22,27,28,21,19,G,T,T,C,C,T,G,C,TC,C,C,A,T,G,C,C,A,G,G,G,C,T,G,G,G,G,A,T,GA,A,G,C,G,GT,A,C,G,A,GT,CT,T,CG,G,G,A
7065,200905424,Omega_oil,1,EDEN_trophic,1,0,2,0,76,Pneumonia,82,0,0,0,0,90,0,7,8,1,28,28,28,8,G,GT,CT,C,T,T,GA,C,TC,C,C,G,T,AG,A,C,A,GA,AG,G,CT,T,G,G,A,GA,A,T,GA,A,GC,C,G,T,A,CT,G,A,T,T,T,C,GT,G,A
7071,200904158,Omega_placebo,0,EDEN_trophic,1,1,1,2,51,Sepsis,109,0,0,0,0,91,26,27,27,22,26,28,28,26,G,T,CT,CT,C,T,GA,C,C,C,TC,GA,T,A,CA,CA,A,G,G,G,C,T,G,G,GA,G,A,T,G,A,G,C,G,T,A,C,G,A,GT,CT,T,CG,G,G,A
7074,200904338,Omega_oil,1,EDEN_full,0,0,2,1,53,Pneumonia,114,1,1,1,1,9,0,0,3,0,8,2,8,2,A,G,C,C,T,T,A,C,TC,C,C,GA,T,A,C,CA,AG,GA,G,G,C,T,G,G,G,G,A,T,GA,A,C,C,GA,T,A,CT,AG,A,T,T,T,CG,G,G,A
7081,200803500,Omega_placebo,0,EDEN_full,0,1,2,0,45,Pneumonia,103,0,0,0,0,91,10,5,24,1,28,28,28,24,G,T,CT,T,CT,T,A,C,C,CG,C,A,CT,A,C,NC,A,G,G,G,C,T,NC,GA,G,G,A,T,NC,A,GC,C,G,T,A,CT,AG,A,T,T,T,NC,GT,G,A
7087,200904159,Omega_placebo,0,EDEN_trophic,1,1,2,0,65,Pneumonia,120,0,0,1,1,45,25,25,28,22,28,28,28,28,GA,G,C,C,T,T,A,C,TC,C,C,G,T,A,A,C,A,G,AG,GA,CT,T,G,G,A,G,A,T,G,A,G,C,G,T,A,C,G,A,T,T,T,CG,G,G,A
7092,200904155,Omega_placebo,0,EDEN_trophic,1,1,2,0,62,Pneumonia,81,0,0,0,0,91,0,16,27,5,28,28,28,27,G,GT,C,CT,T,T,A,C,TC,CG,C,GA,CT,A,CA,C,A,GA,AG,G,C,T,G,GA,GA,G,A,T,A,A,G,C,G,G,A,CT,AG,A,T,CT,T,C,G,G,A
7099,200900364,Omega_placebo,0,EDEN_trophic,1,0,2,0,70,Pneumonia,128,0,0,0,0,91,23,21,23,22,25,0,18,0,G,T,CT,T,CT,CT,A,C,T,G,C,A,C,A,CA,C,A,G,G,G,C,T,G,GA,G,GA,A,T,A,A,C,C,G,T,A,CT,G,A,T,T,T,G,GT,G,A
7103,200808991,Omega_placebo,0,EDEN_full,0,1,2,0,23,Pneumonia,75,0,0,0,0,91,27,27,28,0,28,28,28,28,G,T,CT,CT,T,CT,GA,C,C,CG,C,A,C,AG,CA,CA,A,G,G,G,C,T,G,GA,G,G,A,T,G,A,G,C,G,T,A,T,A,A,GT,CT,TC,CG,G,G,A
7104,200900431,Omega_oil,1,EDEN_full,0,0,1,2,38,Pneumonia,75,0,0,0,0,91,15,11,23,2,28,0,28,0,G,T,T,C,CT,T,G,C,C,CG,C,G,T,G,A,C,A,G,G,G,C,T,G,G,A,G,A,T,GA,A,G,C,G,GT,A,CT,AG,A,T,T,TC,C,GT,G,A
7118,200910284,Omega_oil,1,EDEN_trophic,1,0,2,0,78,Sepsis,110,0,1,1,1,16,0,4,12,0,15,15,15,12,G,T,CT,CT,C,T,GA,C,TC,C,C,A,CT,AG,C,C,A,G,G,G,C,T,G,GA,G,G,A,T,A,G,C,C,G,T,GA,C,AG,CA,T,T,C,CG,G,GA,A
7126,200900780,Omega_placebo,0,EDEN_trophic,1,1,2,0,76,Sepsis,136,0,0,0,0,91,0,0,16,1,28,28,27,16,G,T,C,CT,CT,T,GA,C,TC,CG,TC,A,CT,A,C,C,AG,G,G,G,C,T,G,GA,G,G,A,T,GA,A,G,C,G,GT,A,C,G,A,T,T,TC,CG,G,G,A
7127,200905983,Omega_placebo,0,EDEN_full,0,1,2,0,48,Sepsis,126,0,0,0,0,91,25,21,28,22,0,28,25,0,G,T,C,CT,CT,T,GA,C,TC,CG,TC,A,CT,A,CA,C,AG,G,G,G,C,T,G,GA,GA,G,A,T,A,A,GC,C,G,GT,A,C,AG,A,T,CT,T,CG,G,G,A
7166,200900783,Omega_oil,1,EDEN_trophic,1,0,1,2,63,Sepsis,151,0,0,0,0,90,0,0,4,22,28,28,28,4,G,T,CT,NC,CT,CT,GA,C,C,CG,TC,A,C,A,A,C,A,GA,G,G,C,T,G,G,GA,NC,A,T,A,A,GC,C,G,GT,A,CT,AG,A,GT,CT,T,CG,GT,NC,A
7192,200808866,Omega_placebo,0,EDEN_full,0,0,1,2,55,Aspiration,92,0,0,0,0,91,19,18,28,7,28,20,28,20,G,T,T,CT,C,T,GA,C,C,C,C,GA,T,AG,CA,C,A,G,G,G,C,T,G,G,GA,G,A,T,GA,A,G,C,G,GT,A,C,G,A,GT,CT,T,CG,G,G,A
7207,200905428,Omega_oil,1,EDEN_trophic,1,0,2,0,82,Sepsis,99,0,0,0,0,91,0,6,21,15,28,1,28,1,G,T,C,T,T,CT,A,C,C,CG,C,A,C,A,C,C,AG,G,G,G,C,T,G,GA,G,G,A,T,A,GA,C,C,G,T,A,C,G,A,T,T,T,CG,G,G,A
7215,200905899,Omega_oil,1,EDEN_trophic,1,1,2,0,35,Other,99,0,0,0,0,91,20,19,27,11,20,20,26,17,G,T,C,C,C,T,G,C,TC,C,T,GA,T,A,CA,CA,AG,G,G,G,C,T,G,G,GA,GA,A,T,A,A,GC,C,G,T,GA,C,G,CA,T,T,TC,CG,G,GA,NC
8006,200905430,Omega_oil,1,EDEN_full,0,0,2,3,63,Pneumonia,.,0,0,0,0,91,0,19,21,28,28,28,28,21,G,T,T,CT,CT,T,GA,C,C,C,C,A,T,AG,C,C,A,G,G,G,C,T,G,G,G,G,A,T,A,A,G,C,G,G,A,C,G,A,T,T,T,C,G,G,A
8009,200806935,Omega_placebo,0,EDEN_trophic,1,0,2,0,43,Sepsis,159,1,1,1,1,7,0,0,2,0,0,4,0,0,G,T,CT,C,CT,T,G,C,C,C,TC,G,T,AG,A,C,A,GA,G,G,C,T,G,G,A,G,A,T,A,G,C,C,G,T,GA,CT,AG,CA,T,T,C,CG,GT,GA,A
8016,200900832,Omega_oil,1,EDEN_full,0,0,2,3,49,Aspiration,100,0,0,0,0,91,25,24,26,22,28,28,28,26,G,T,CT,T,CT,T,A,C,T,C,C,GA,T,A,CA,C,A,GA,G,G,C,T,G,G,GA,G,A,T,A,A,G,C,G,GT,A,C,G,A,T,T,T,C,G,G,A
8028,200808986,Omega_placebo,0,EDEN_trophic,1,0,2,0,25,Sepsis,69,0,0,0,0,91,22,21,24,22,28,28,28,24,G,T,CT,T,CT,T,A,C,C,G,C,A,C,A,C,C,A,G,G,G,C,T,G,A,G,G,A,T,GA,A,GC,C,G,T,A,CT,G,A,T,T,T,C,GT,G,A
8036,200806936,Omega_placebo,0,EDEN_full,0,1,2,0,67,Aspiration,123,0,0,0,0,91,15,14,28,14,24,17,25,16,G,T,CT,CT,CT,T,GA,C,C,C,C,A,CT,AG,C,C,AG,G,G,G,C,T,G,G,G,G,A,T,G,A,G,C,G,T,GA,CT,G,A,T,T,T,CG,GT,G,A
7001,200910290,Omega_oil,1,EDEN_trophic,1,0,2,0,44,Pneumonia,122,0,0,0,0,91,18,16,23,1,28,28,28,23,G,GT,CT,C,T,CT,GA,C,TC,C,C,GA,CT,AG,A,CA,A,GA,AG,G,CT,T,G,G,GA,G,A,T,A,GA,C,C,G,T,GA,C,G,CA,GT,CT,C,CG,G,G,A
7003,200905116,Omega_oil,1,EDEN_full,0,1,2,1,76,Aspiration,83,0,0,0,0,90,18,13,28,27,28,0,28,0,GA,G,C,C,C,T,GA,C,C,G,TC,GA,T,A,C,CA,AG,G,G,G,C,T,G,G,GA,G,AG,T,A,A,C,C,G,T,A,T,A,A,T,T,TC,G,GT,G,A
7005,200904706,Omega_oil,1,EDEN_trophic,1,1,2,0,79,Pneumonia,105,1,1,1,1,4,0,0,1,0,0,3,3,0,GA,GT,C,CT,CT,T,A,C,TC,C,C,GA,CT,A,CA,C,A,GA,G,G,C,T,G,GA,GA,G,A,T,A,A,GC,C,G,GT,A,T,A,A,GT,CT,TC,CG,GT,G,A
7009,200910289,Omega_placebo,0,EDEN_trophic,1,1,2,0,53,Pneumonia,.,0,0,0,0,91,27,27,23,22,28,28,28,23,GA,GT,CT,C,T,CT,GA,CT,C,C,C,A,CT,AG,CA,CA,A,G,G,G,C,T,G,G,GA,A,A,C,A,A,C,C,G,T,A,CT,AG,A,T,CT,TC,C,G,G,A
7010,200905920,Omega_placebo,0,EDEN_full,0,0,2,0,80,Pneumonia,101,0,1,1,1,20,0,0,7,0,19,11,19,3,GA,GT,CT,C,T,NC,GA,C,TC,CG,C,GA,CT,AG,CA,CA,AG,GA,G,G,C,T,G,G,G,GA,A,T,A,A,GC,C,G,GT,A,CT,AG,A,T,T,T,CG,GT,GA,A
7015,200905052,Omega_placebo,0,EDEN_full,0,0,2,0,66,Aspiration,99,0,0,0,0,90,0,2,12,16,28,6,27,5,G,GT,CT,C,T,T,GA,C,TC,C,C,G,T,AG,A,C,A,A,AG,G,C,T,G,G,A,G,A,T,A,GA,GC,C,G,GT,A,CT,G,A,T,T,T,G,GT,G,A
7016,200905919,Omega_oil,1,EDEN_trophic,1,0,2,0,26,Pneumonia,41,0,0,0,0,91,24,23,27,22,28,28,28,27,G,GT,C,CT,T,NC,A,C,TC,CG,C,GA,CT,A,CA,C,A,GA,G,G,C,T,G,GA,GA,G,NC,T,GA,GA,GC,C,G,T,A,CT,AG,A,T,T,T,G,NC,GA,A
7017,200808992,Omega_oil,1,EDEN_trophic,1,0,2,0,24,Sepsis,124,0,0,0,0,91,25,24,22,22,27,28,28,22,G,GT,C,CT,CT,T,GA,C,TC,C,TC,GA,T,A,CA,C,AG,G,AG,G,CT,T,G,G,GA,G,A,T,A,A,GC,C,G,GT,A,T,A,A,T,T,T,CG,G,G,A
7019,200905418,Omega_placebo,0,EDEN_full,0,0,2,0,50,Pneumonia,45,0,0,0,0,91,27,27,28,27,28,28,28,28,G,GT,CT,CT,CT,CT,A,C,TC,CG,C,GA,CT,A,A,C,A,GA,AG,G,C,T,G,G,GA,GA,A,TC,A,GA,C,C,G,T,A,C,G,A,T,T,TC,C,G,G,A
7022,200905433,Omega_oil,1,EDEN_full,0,0,2,0,51,Trauma,89,0,0,0,0,91,0,14,23,11,28,28,28,23,G,GT,CT,C,T,T,GA,C,T,C,C,GA,T,AG,A,C,A,GA,AG,G,CT,T,G,G,A,GA,A,TC,A,GA,C,C,G,T,NC,CT,AG,CA,GT,CT,C,CG,G,G,A
7025,200910285,Omega_placebo,0,EDEN_trophic,1,1,2,0,19,Pneumonia,125,0,0,0,0,91,23,17,24,0,28,28,28,24,G,GT,CT,CT,CT,T,A,C,T,C,C,A,C,A,C,C,AG,G,AG,G,C,T,G,GA,G,G,A,T,A,A,GC,C,G,GT,GA,C,G,A,T,T,T,CG,G,G,A
7026,200901556,Omega_oil,1,EDEN_trophic,1,0,2,0,81,Pneumonia,81,1,1,1,1,13,0,0,10,0,12,12,12,10,GA,G,C,C,T,T,A,CT,TC,C,C,A,CT,A,CA,C,A,G,AG,G,C,T,G,GA,GA,G,A,T,A,G,C,C,G,T,GA,C,G,CA,T,T,T,C,G,G,A
7027,200803946,Omega_placebo,0,EDEN_full,0,1,2,0,46,Pneumonia,94,0,1,1,1,22,0,1,11,15,21,8,0,0,G,GT,C,C,CT,T,GA,C,TC,C,TC,G,T,A,CA,C,AG,GA,AG,G,CT,T,G,G,GA,GA,A,T,GA,A,GC,C,G,T,A,CT,AG,A,T,T,T,G,T,G,A
7028,200807804,Omega_placebo,0,EDEN_trophic,1,0,2,0,37,Pneumonia,49,0,0,0,0,91,21,21,28,19,28,25,27,24,GA,GT,C,CT,T,T,A,C,TC,C,C,GA,CT,A,CA,C,A,GA,G,G,C,T,G,GA,GA,G,A,T,GA,GA,GC,C,G,T,A,CT,A,A,GT,CT,TC,G,GT,GA,A
7034,200902242,Omega_placebo,0,EDEN_full,0,1,1,2,52,Sepsis,123,1,1,1,1,6,0,0,0,0,2,5,0,0,GA,GT,C,CT,C,T,A,C,TC,CG,C,A,CT,A,C,C,AG,G,G,G,C,T,G,GA,GA,G,A,T,A,GA,GC,C,G,GT,GA,C,G,CA,GT,CT,T,CG,G,G,A
7035,200905054,Omega_oil,1,EDEN_trophic,1,0,2,1,59,Sepsis,106,0,1,1,1,29,10,9,16,4,28,0,28,0,GA,G,C,C,T,T,A,C,TC,C,C,NC,T,A,CA,CA,A,GA,AG,G,CT,T,G,G,A,G,A,T,GA,A,GC,C,G,T,GA,C,G,A,T,T,T,CG,NC,G,A
7039,200905073,Omega_oil,1,EDEN_trophic,1,0,2,0,44,Pneumonia,71,0,0,0,0,91,25,24,28,22,28,28,28,28,GA,GT,C,C,CT,T,GA,C,TC,C,TC,GA,CT,A,CA,C,AG,GA,G,G,C,T,G,G,GA,G,A,T,A,G,C,C,G,T,A,CT,AG,A,T,T,T,G,GT,GA,A
7043,200901555,Omega_placebo,0,EDEN_full,0,0,1,2,54,Aspiration,57,0,0,0,0,91,26,27,28,23,28,28,28,28,GA,GT,CT,C,CT,T,GA,C,C,C,C,GA,T,AG,CA,C,A,GA,G,G,C,T,G,G,GA,G,AG,T,A,A,GC,C,G,GT,A,CT,G,A,T,T,T,CG,GT,G,A
7048,200900773,Omega_placebo,0,EDEN_full,0,1,2,0,52,Aspiration,118,0,0,0,0,91,14,12,11,8,28,28,28,11,G,GT,CT,C,CT,T,GA,C,TC,C,C,G,T,AG,A,C,A,GA,AG,G,CT,T,G,G,A,G,A,T,A,A,GC,C,G,GT,GA,C,G,CA,T,T,T,C,G,G,A
7049,200904330,Omega_oil,1,EDEN_full,0,1,1,2,48,Pneumonia,103,0,0,0,0,91,21,21,22,22,27,28,28,22,GA,GT,CT,C,T,CT,GA,C,TC,C,C,GA,CT,AG,A,CA,A,GA,G,G,C,T,G,G,GA,GA,A,T,A,GA,C,C,G,T,A,C,G,A,G,C,T,G,G,G,A
7050,200902243,Omega_placebo,0,EDEN_trophic,1,0,1,2,44,Pneumonia,74,0,0,0,0,91,25,25,27,22,28,28,28,27,GA,GT,CT,C,CT,T,GA,C,TC,C,C,GA,T,AG,CA,C,A,G,G,G,C,T,G,G,G,A,A,T,A,A,C,C,G,T,A,C,G,A,T,T,T,CG,G,G,A
7051,200807803,Omega_oil,1,EDEN_trophic,1,1,2,1,61,Pneumonia,118,0,0,0,0,91,20,20,28,22,28,20,28,20,G,GT,CT,CT,C,T,A,C,TC,C,C,A,T,A,C,C,AG,G,AG,G,C,T,G,G,G,G,A,T,A,A,G,C,G,GT,A,T,AG,A,T,T,TC,G,T,GA,A
7052,200806928,Omega_placebo,0,EDEN_full,0,1,2,0,66,Other,65,0,0,0,0,91,25,24,27,22,28,28,28,27,G,GT,CT,CT,CT,CT,A,C,C,C,C,GA,CT,A,A,C,A,GA,AG,G,CT,T,G,G,GA,GA,A,T,A,GA,C,C,G,T,A,CT,AG,A,T,T,T,CG,G,G,A
7054,200910286,Omega_oil,1,EDEN_trophic,1,1,2,0,56,Aspiration,133,0,0,0,0,91,23,23,25,1,28,28,28,25,GA,GT,CT,C,T,CT,GA,C,C,C,C,GA,CT,AG,A,CA,A,G,G,GA,C,T,G,G,GA,G,A,T,A,A,GC,C,G,GT,GA,C,AG,CA,T,T,C,CG,G,GA,A
7056,200902248,Omega_oil,1,EDEN_full,0,1,2,0,67,Trauma,68,0,0,0,0,91,26,26,23,28,28,28,28,23,GA,GT,C,CT,T,T,A,CT,C,CG,C,A,CT,A,A,C,A,G,G,G,C,T,G,GA,A,GA,A,TC,A,A,C,C,G,T,A,CT,AG,A,T,T,T,C,G,G,A
7059,200911520,Omega_placebo,0,EDEN_full,0,1,2,0,83,Pneumonia,129,1,1,1,1,2,0,0,0,0,1,1,1,0,G,GT,C,C,CT,T,GA,C,TC,CG,TC,GA,CT,A,CA,C,A,GA,AG,G,CT,T,G,GA,GA,GA,A,T,A,GA,C,C,G,T,A,C,G,A,T,T,TC,C,G,G,A
7060,200900838,Omega_oil,1,EDEN_trophic,1,0,2,3,72,Sepsis,147,0,0,0,0,91,10,3,24,15,0,10,24,0,GA,GT,C,C,CT,CT,GA,C,C,CG,TC,GA,CT,A,CA,C,A,G,G,G,C,T,G,G,GA,G,A,T,A,GA,GC,C,G,GT,A,C,G,A,T,T,T,C,G,G,A
7061,200915602,Omega_placebo,0,EDEN_full,0,1,1,2,69,Pneumonia,.,0,0,0,0,91,27,27,28,23,28,28,28,28,GA,GT,CT,C,CT,T,GA,C,TC,C,C,A,T,AG,CA,C,A,G,G,G,C,T,G,G,GA,G,A,T,A,GA,GC,C,G,T,A,T,A,A,T,T,T,C,G,G,A
7062,200905922,Omega_oil,1,EDEN_full,0,1,2,0,82,Multiple Transfusion,95,0,0,0,0,91,20,20,25,17,28,28,28,25,G,GT,C,CT,CT,T,A,C,TC,CG,C,GA,CT,A,CA,C,A,GA,AG,G,CT,T,G,GA,GA,G,A,T,GA,GA,GC,C,G,T,A,CT,G,A,T,T,T,CG,GT,G,A
7063,200905122,Omega_oil,1,EDEN_full,0,1,2,0,89,Pneumonia,128,1,1,1,1,7,0,0,5,0,6,2,6,1,GA,GT,CT,CT,C,C,A,C,C,G,C,A,C,A,A,C,A,G,G,G,C,T,G,G,G,GA,A,T,GA,A,GC,C,G,T,GA,C,G,A,T,CT,T,C,G,G,A
7064,200807806,Omega_oil,1,EDEN_trophic,1,0,2,1,37,Sepsis,127,1,1,1,1,2,0,0,0,0,0,0,1,0,GA,GT,C,CT,CT,T,A,CT,TC,CG,C,A,CT,A,CA,C,A,G,G,G,C,T,G,GA,GA,G,A,T,GA,A,GC,C,G,T,A,CT,AG,A,T,T,C,G,GT,G,A
7066,200905904,Omega_placebo,0,EDEN_trophic,1,0,2,0,21,Multiple Transfusion,60,0,0,0,0,91,26,25,27,28,28,28,28,27,GA,GT,CT,C,T,CT,GA,C,C,C,C,GA,CT,AG,A,C,A,G,G,G,C,T,G,G,GA,GA,A,T,A,A,GC,C,G,GT,A,C,G,A,T,T,T,CG,G,G,A
7068,200808987,Omega_placebo,0,EDEN_trophic,1,0,2,1,65,Pneumonia,90,0,0,0,0,90,0,15,28,0,28,0,28,0,GA,GT,CT,C,CT,T,GA,C,TC,CG,C,GA,T,AG,CA,CA,AG,GA,G,G,C,T,G,G,GA,G,A,T,GA,A,GC,TC,GA,T,A,T,A,A,T,T,C,G,T,GA,AG
7075,200904843,Omega_oil,1,EDEN_trophic,1,0,2,0,61,Pneumonia,78,0,0,0,0,91,24,24,25,22,28,28,28,25,GA,GT,CT,C,T,CT,GA,CT,C,C,C,A,CT,AG,A,C,A,G,G,G,C,T,G,G,GA,G,A,T,GA,A,G,C,G,GT,A,CT,G,A,T,T,T,CG,G,G,A
7076,200905067,Omega_oil,1,EDEN_trophic,1,1,2,0,70,Pneumonia,63,0,0,0,0,91,23,21,27,28,28,28,28,27,G,GT,C,CT,CT,T,A,CT,C,C,C,A,CT,A,CA,C,AG,G,AG,G,C,T,G,G,GA,G,A,T,A,GA,GC,C,G,GT,A,CT,AG,A,T,T,C,CG,GT,A,A
7080,200905905,Omega_oil,1,EDEN_trophic,1,1,2,0,61,Pneumonia,78,0,0,0,0,91,26,25,27,22,28,27,27,26,GA,GT,C,CT,CT,T,A,C,C,CG,C,GA,CT,A,A,C,A,A,G,G,C,T,G,GA,GA,G,A,T,GA,GA,GC,C,G,T,A,C,G,A,T,T,TC,CG,G,G,A
7085,200905915,Omega_placebo,0,EDEN_full,0,1,2,0,58,Sepsis,106,1,1,1,1,9,0,0,2,2,8,0,8,0,G,GT,C,CT,CT,CT,A,C,C,CG,C,A,C,A,C,C,AG,G,AG,G,CT,T,G,GA,G,GA,A,T,A,GA,C,C,G,T,A,CT,G,A,T,CT,T,CG,GT,G,A
7089,200900782,Omega_placebo,0,EDEN_full,0,0,2,0,76,Sepsis,87,0,0,0,0,91,26,26,26,26,28,28,28,26,G,GT,C,CT,T,T,A,C,C,CG,C,GA,CT,A,CA,C,A,GA,AG,G,C,T,G,GA,GA,GA,A,T,A,GA,C,C,G,T,A,C,G,A,T,T,T,G,G,GA,A
7093,200900777,Omega_oil,1,EDEN_trophic,1,0,2,0,70,Pneumonia,106,0,0,0,0,91,25,24,28,0,0,0,28,0,G,GT,CT,C,CT,T,GA,C,T,C,C,GA,T,AG,CA,C,A,GA,AG,G,C,T,G,G,GA,G,A,T,A,A,GC,C,G,GT,A,C,G,A,T,T,T,CG,G,G,A
7096,200900774,Omega_placebo,0,EDEN_trophic,1,0,2,0,82,Aspiration,110,0,0,0,0,91,22,18,27,22,28,28,23,23,GA,GT,CT,C,T,CT,GA,C,C,C,C,GA,CT,AG,A,CA,A,G,G,GA,C,T,G,G,GA,GA,A,TC,A,A,C,C,G,T,A,CT,AG,A,T,T,T,G,GT,G,A
7101,200904157,Omega_placebo,0,EDEN_full,0,1,2,0,80,Pneumonia,84,0,0,0,0,91,27,26,1,22,28,28,28,1,G,NC,C,NC,NC,T,NC,C,TC,CG,NC,GA,CT,NC,A,C,A,A,AG,G,CT,T,G,GA,GA,NC,A,TC,A,NC,NC,C,G,T,A,NC,G,NC,T,T,NC,CG,GT,NC,A
7105,200905124,Omega_placebo,0,EDEN_full,0,1,2,0,55,Sepsis,145,0,0,0,0,91,15,15,20,10,21,7,22,1,G,T,T,CT,CT,CT,GA,CT,C,CG,C,A,CT,AG,A,C,A,G,G,G,C,T,G,G,G,GA,A,T,A,GA,C,C,G,T,A,C,G,A,T,T,T,C,G,G,A
7107,200905906,Omega_oil,1,EDEN_full,0,0,1,2,70,Multiple Transfusion,70,0,0,1,1,41,0,0,0,6,18,20,28,0,GA,GT,CT,CT,C,T,A,C,C,CG,TC,GA,T,A,C,CA,A,G,G,G,C,T,G,G,GA,G,A,T,GA,A,GC,C,G,T,A,CT,G,A,GT,CT,T,CG,GT,G,A
7108,200904156,Omega_oil,1,EDEN_full,0,1,2,0,61,Pneumonia,70,0,0,0,0,91,23,19,20,22,28,28,28,20,G,T,C,C,C,CT,G,C,TC,CG,T,A,CT,A,CA,C,AG,G,G,G,C,T,G,G,G,G,A,T,GA,GA,GC,C,G,T,A,C,G,A,T,T,T,CG,G,G,A
7109,200904841,Omega_oil,1,EDEN_full,0,1,2,0,75,Pneumonia,79,0,0,0,0,91,5,4,15,4,28,28,28,15,G,GT,CT,C,CT,CT,GA,C,TC,CG,C,A,CT,AG,CA,CA,AG,G,G,G,C,T,G,G,G,G,AG,T,A,A,GC,C,G,GT,A,C,G,A,T,T,T,G,G,G,A
7114,200905066,Omega_placebo,0,EDEN_trophic,1,0,2,0,73,Pneumonia,104,1,1,1,1,7,0,0,2,6,3,2,5,1,G,GT,C,C,CT,CT,GA,C,C,C,TC,A,CT,A,C,C,AG,G,AG,G,CT,T,G,G,G,G,A,T,A,GA,GC,C,G,GT,A,C,G,A,T,T,T,CG,G,G,A
7116,200905916,Omega_oil,1,EDEN_trophic,1,1,2,0,68,Sepsis,91,0,0,0,0,91,23,22,26,22,28,28,28,26,G,GT,CT,CT,CT,CT,A,C,TC,CG,C,GA,CT,A,A,C,A,GA,AG,G,C,T,G,G,GA,G,A,T,A,GA,C,C,G,T,GA,C,AG,A,T,T,T,C,G,G,A
7117,200905058,Omega_oil,1,EDEN_full,0,1,2,0,43,Other,63,1,1,1,1,12,0,0,0,0,11,11,11,0,G,GT,CT,C,T,CT,GA,C,TC,C,C,GA,CT,AG,CA,C,A,GA,AG,G,CT,T,G,G,GA,G,A,T,GA,A,GC,C,G,T,A,C,G,A,T,T,T,G,G,G,A
7119,200806940,Omega_oil,1,EDEN_trophic,1,0,2,0,83,Pneumonia,.,1,1,1,1,4,0,0,0,0,0,3,3,0,G,GT,CT,C,CT,T,GA,C,TC,C,C,GA,T,AG,CA,C,A,GA,AG,G,C,T,G,G,GA,G,A,T,GA,GA,GC,C,G,T,A,CT,AG,A,T,T,T,CG,G,G,A
7121,200905053,Omega_oil,1,EDEN_trophic,1,0,2,0,53,Aspiration,106,0,0,0,0,91,22,22,14,22,27,0,28,0,G,GT,CT,C,T,CT,GA,C,C,CG,C,A,C,AG,CA,C,AG,GA,AG,G,CT,T,G,GA,G,G,A,T,G,A,G,C,G,T,GA,T,G,A,T,T,T,CG,GT,G,A
7129,200904334,Omega_placebo,0,EDEN_trophic,1,1,2,1,52,Pneumonia,49,0,0,0,0,91,14,12,22,22,28,5,28,2,A,G,C,C,CT,T,A,CT,C,C,C,A,T,A,CA,C,AG,G,G,G,C,T,G,G,GA,G,A,T,G,A,G,T,GA,T,A,T,A,A,T,T,TC,G,T,GA,AG
7130,200904705,Omega_oil,1,EDEN_trophic,1,0,2,0,43,Pneumonia,68,0,0,0,0,91,28,28,28,22,28,28,28,28,GA,GT,C,CT,T,T,A,CT,C,CG,C,A,CT,A,CA,C,A,G,G,G,C,T,G,GA,GA,G,A,T,A,G,C,C,G,T,A,T,G,A,T,T,T,CG,T,G,A
7132,200905984,Omega_placebo,0,EDEN_full,0,0,2,0,57,Pneumonia,140,0,0,0,0,91,23,22,22,22,23,28,28,21,G,GT,C,CT,T,T,A,C,C,CG,C,GA,CT,A,A,C,A,GA,AG,G,CT,T,G,GA,A,G,A,T,GA,A,G,C,G,GT,GA,CT,AG,CA,T,T,T,C,GT,G,A
7136,200905055,Omega_placebo,0,EDEN_full,0,1,2,0,62,Aspiration,59,0,0,0,0,91,28,25,27,0,28,28,28,27,GA,GT,C,CT,CT,T,A,C,TC,CG,C,GA,CT,A,CA,C,A,GA,G,G,C,T,G,GA,GA,G,A,T,G,A,G,C,G,T,GA,T,AG,A,T,T,T,CG,G,G,A
7140,200905125,Omega_oil,1,EDEN_trophic,1,0,2,0,79,Sepsis,102,1,1,1,1,5,0,0,0,0,0,0,4,0,G,GT,C,CT,T,T,A,C,T,CG,C,GA,T,A,CA,C,AG,GA,AG,G,CT,T,G,G,GA,G,A,T,A,A,C,C,G,T,NC,C,G,A,T,T,T,C,NC,G,A
7141,200900837,Omega_oil,1,EDEN_trophic,1,1,2,0,48,Pneumonia,51,0,0,0,0,91,27,25,7,22,28,28,28,7,G,GT,C,CT,T,T,A,C,TC,CG,C,GA,CT,A,CA,C,A,GA,AG,G,C,T,G,G,GA,G,A,T,A,A,GC,C,G,GT,A,T,AG,A,T,T,T,G,T,GA,A
7142,200902245,Omega_oil,1,EDEN_full,0,1,2,0,50,Pneumonia,81,0,0,0,0,91,21,21,23,1,28,28,28,23,G,GT,C,CT,T,T,A,C,C,G,C,A,C,A,CA,C,AG,GA,AG,G,CT,T,G,A,G,G,A,T,A,GA,GC,C,G,GT,NC,T,A,CA,T,T,TC,CG,GT,G,A
7150,200904337,Omega_placebo,0,EDEN_trophic,1,1,1,2,23,Other,104,0,0,0,0,91,21,17,28,11,12,0,28,0,G,GT,CT,C,T,CT,GA,C,T,C,C,GA,CT,AG,A,CA,A,GA,AG,G,C,T,G,G,GA,G,A,T,GA,A,G,C,G,GT,A,C,G,A,T,T,TC,CG,G,G,A
7151,200906094,Omega_oil,1,EDEN_trophic,1,0,2,0,33,Aspiration,77,0,0,0,0,91,22,21,27,22,28,28,28,27,GA,GT,C,CT,CT,T,A,C,TC,CG,C,GA,CT,A,CA,C,A,GA,G,G,C,T,G,GA,GA,G,A,T,GA,A,G,C,G,GT,A,T,A,A,T,T,T,CG,T,G,A
7153,200904341,Omega_placebo,0,EDEN_trophic,1,0,1,2,47,Pneumonia,107,0,0,0,0,91,28,28,28,26,28,27,28,27,GA,GT,CT,CT,CT,T,A,CT,C,C,C,A,T,A,CA,C,A,G,G,G,C,T,G,G,GA,G,A,T,A,A,G,C,G,G,A,C,G,A,T,T,T,C,G,G,A
7157,200902251,Omega_placebo,0,EDEN_trophic,1,0,2,0,23,Other,75,0,0,0,0,91,27,27,28,23,28,28,0,0,GA,GT,CT,CT,CT,CT,A,C,C,CG,C,GA,CT,A,CA,C,A,G,G,G,C,T,G,G,GA,GA,A,T,A,A,GC,C,G,GT,GA,CT,AG,CA,T,T,TC,CG,G,G,A
7165,200904352,Omega_placebo,0,EDEN_full,0,0,2,1,51,Aspiration,56,0,0,0,0,91,27,27,28,28,28,28,28,28,GA,GT,CT,CT,C,CT,GA,C,C,G,TC,A,CT,A,CA,CA,A,G,G,G,C,T,G,G,G,G,A,T,A,A,GC,C,G,T,A,CT,A,A,T,T,C,G,GT,G,A
7168,200905128,Omega_oil,1,EDEN_full,0,0,2,0,41,Pneumonia,62,0,0,0,0,91,24,24,28,28,28,0,28,0,G,GT,CT,C,T,T,GA,C,TC,CG,C,GA,CT,AG,CA,C,A,G,AG,G,C,T,G,GA,GA,G,A,T,G,A,G,C,G,T,A,CT,AG,A,T,T,T,CG,G,G,A
7169,200904708,Omega_oil,1,EDEN_trophic,1,1,2,0,46,Other,113,1,1,1,1,3,0,0,1,0,2,2,2,1,GA,GT,C,CT,T,T,A,C,C,CG,C,GA,CT,A,CA,C,A,GA,G,G,C,T,G,GA,GA,G,A,T,GA,A,GC,C,G,T,A,CT,AG,A,T,T,T,CG,GT,G,A
7173,200905909,Omega_placebo,0,EDEN_full,0,0,2,0,89,Pneumonia,109,0,0,1,1,33,0,7,14,27,19,1,28,0,GA,GT,C,CT,T,T,A,C,TC,CG,C,G,T,A,A,C,A,GA,G,G,C,T,G,G,A,G,A,T,GA,GA,GC,C,G,T,A,CT,AG,A,T,T,T,C,G,G,A
7177,200807429,Omega_placebo,0,EDEN_trophic,1,0,2,0,67,Sepsis,133,0,0,0,0,91,24,22,25,22,21,4,11,0,GA,GT,CT,CT,CT,T,A,CT,TC,CG,C,A,T,A,CA,C,A,G,G,G,C,T,G,G,GA,G,A,T,A,A,G,C,G,G,A,CT,G,A,T,T,T,G,GT,G,A
7178,200904342,Omega_oil,1,EDEN_full,0,0,2,0,32,Trauma,65,0,0,1,1,31,0,0,3,6,22,20,14,3,G,GT,C,CT,CT,T,A,C,TC,CG,C,GA,CT,A,CA,C,A,GA,AG,G,CT,T,G,GA,GA,G,A,T,A,GA,GC,C,G,GT,A,C,G,A,T,T,T,CG,G,G,A
7181,200905435,Omega_oil,1,EDEN_full,0,1,2,0,55,Pneumonia,106,0,0,0,0,91,18,16,11,15,28,28,28,11,G,GT,CT,C,T,CT,GA,C,TC,C,C,GA,CT,AG,CA,C,AG,GA,G,G,C,T,G,G,GA,GA,A,T,GA,A,GC,C,G,T,GA,C,AG,A,T,T,TC,CG,G,GA,A
7182,200809242,Omega_placebo,0,EDEN_full,0,1,2,0,53,Pneumonia,77,0,0,0,0,91,24,24,26,22,28,28,28,26,G,GT,C,CT,C,T,A,C,TC,G,C,GA,CT,A,A,C,A,GA,G,G,C,T,G,GA,GA,G,A,T,A,GA,C,C,G,T,GA,C,G,CA,T,T,TC,C,NC,G,A
7195,200902250,Omega_oil,1,EDEN_trophic,1,0,2,0,82,Sepsis,77,0,0,0,0,91,21,21,23,20,28,20,28,20,GA,GT,C,CT,T,T,A,C,TC,CG,C,GA,CT,A,A,C,A,G,G,G,C,T,G,GA,A,G,A,T,GA,GA,GC,C,G,T,GA,C,G,CA,T,T,TC,CG,G,G,A
7199,201208974,Omega_oil,1,EDEN_full,0,1,2,0,54,Sepsis,129,1,1,1,1,4,0,0,0,0,0,3,0,0,.,.,.,.,.,.,.,.,.,.,.,.,.,.,.,.,.,.,.,.,.,.,.,.,.,.,.,.,.,.,.,.,.,.,.,.,.,.,.,.,.,.,.,.,.
7206,200901558,Omega_oil,1,EDEN_full,0,1,2,0,54,Pneumonia,78,0,0,0,0,91,0,0,11,0,28,28,28,11,G,GT,C,CT,CT,T,A,C,TC,CG,C,GA,CT,A,CA,C,A,GA,AG,G,C,T,G,GA,GA,G,A,T,A,GA,GC,C,G,GT,A,C,AG,A,T,T,T,G,G,G,A
7208,200910291,Omega_oil,1,EDEN_full,0,0,2,0,68,Pneumonia,116,0,0,0,0,90,23,23,21,28,21,6,28,0,GA,GT,CT,CT,CT,CT,A,C,C,CG,C,GA,CT,A,A,C,A,GA,G,G,C,T,G,G,GA,G,A,T,GA,GA,GC,C,G,T,A,C,G,A,T,T,T,CG,G,G,A
7210,200905120,Omega_placebo,0,EDEN_trophic,1,1,2,0,29,Pneumonia,40,0,0,0,0,91,27,26,28,25,28,28,28,28,GA,GT,C,C,CT,T,GA,C,TC,C,TC,G,T,A,A,C,A,GA,G,G,C,T,G,G,A,G,A,T,G,A,G,C,G,T,A,T,AG,A,T,T,T,CG,GT,G,A
7212,200902253,Omega_oil,1,EDEN_full,0,1,1,2,43,Pneumonia,45,0,0,0,0,91,20,20,23,24,28,28,28,23,G,GT,C,CT,T,T,A,C,TC,CG,C,GA,CT,A,CA,C,A,GA,AG,G,CT,T,G,GA,GA,G,A,T,GA,A,G,C,G,GT,GA,C,G,CA,T,T,TC,CG,G,G,A
7217,200904842,Omega_oil,1,EDEN_trophic,1,1,2,0,56,Pneumonia,137,0,0,0,0,91,5,4,22,3,27,25,28,21,GA,GT,C,CT,CT,T,A,C,C,C,C,GA,CT,A,CA,C,AG,GA,G,GA,C,T,G,G,GA,GA,A,T,A,A,C,C,G,T,A,C,G,A,T,T,T,CG,G,G,A
7221,200900428,Omega_placebo,0,EDEN_full,0,0,2,0,53,Trauma,57,0,0,0,0,91,21,21,21,5,28,28,26,20,G,GT,C,CT,T,T,A,C,TC,CG,C,GA,CT,A,CA,C,A,G,AG,G,C,T,G,GA,GA,G,A,T,A,A,GC,C,G,GT,GA,C,G,A,T,T,T,CG,G,G,A
7224,200905914,Omega_placebo,0,EDEN_full,0,1,2,0,54,Pneumonia,96,0,0,0,0,91,23,23,28,22,28,22,28,22,G,GT,CT,NC,CT,T,A,C,T,C,C,GA,T,A,CA,C,A,GA,AG,G,CT,T,G,G,GA,GA,A,T,A,A,C,C,G,T,A,CT,AG,A,T,CT,T,C,G,G,A
7226,200900427,Omega_placebo,0,EDEN_trophic,1,0,2,0,19,Pneumonia,67,0,0,0,0,91,28,27,26,26,28,28,28,26,GA,GT,CT,C,CT,T,GA,C,TC,C,C,GA,T,AG,CA,C,A,G,G,GA,C,T,G,G,GA,G,A,T,A,G,C,C,G,T,A,C,G,A,GT,CT,T,CG,G,G,A
7227,200905907,Omega_oil,1,EDEN_full,0,0,2,0,89,Aspiration,99,1,1,1,1,11,0,0,4,0,10,10,10,4,GA,GT,CT,CT,CT,CT,A,C,TC,CG,C,GA,CT,A,A,C,A,GA,G,G,C,T,G,G,GA,G,A,T,A,GA,C,C,G,T,A,CT,AG,A,GT,CT,TC,CG,NC,G,A
7229,200905074,Omega_oil,1,EDEN_trophic,1,0,2,0,34,Pneumonia,64,0,1,1,1,23,0,1,8,16,22,22,22,8,G,GT,C,CT,T,T,A,C,T,CG,C,GA,CT,A,CA,C,A,G,G,G,C,T,G,GA,NC,G,NC,NC,GA,A,GC,C,G,NC,NC,T,G,A,T,NC,T,C,NC,G,NC
7230,200900840,Omega_placebo,0,EDEN_trophic,1,0,2,0,25,Sepsis,106,0,0,0,0,91,27,27,27,24,28,28,27,26,G,GT,C,CT,T,T,A,C,T,CG,C,GA,CT,A,CA,C,A,GA,AG,G,CT,T,G,GA,GA,GA,A,TC,A,A,GC,C,G,GT,A,CT,A,A,T,T,C,CG,G,GA,A
8004,200804382,Omega_placebo,0,EDEN_full,0,0,2,0,27,Aspiration,115,0,0,0,0,91,19,18,28,1,26,21,28,21,G,GT,CT,CT,T,T,A,C,C,C,C,G,T,A,A,C,A,GA,AG,G,C,T,G,G,A,G,A,T,G,A,G,C,G,T,A,CT,AG,A,T,T,TC,G,GT,GA,A
8007,200905110,Omega_placebo,0,EDEN_trophic,1,1,2,0,44,Pneumonia,92,0,0,0,0,91,16,17,13,14,28,28,28,13,GA,GT,CT,CT,CT,NC,A,CT,C,CG,C,A,CT,A,A,C,A,GA,G,G,C,T,G,GA,GA,G,A,T,A,GA,C,C,G,T,A,CT,G,A,T,T,T,CG,NC,G,A
8012,200900830,Omega_oil,1,EDEN_trophic,1,1,2,0,58,Sepsis,60,0,0,0,0,91,26,26,26,23,28,28,28,26,GA,GT,C,C,T,T,GA,C,TC,C,TC,NC,CT,A,A,C,A,GA,G,G,C,T,G,G,A,G,A,T,G,A,G,C,G,T,GA,CT,G,A,T,T,T,CG,GT,G,A
8013,200808981,Omega_placebo,0,EDEN_trophic,1,0,2,0,37,Pneumonia,111,0,0,0,0,91,25,24,27,22,28,28,28,27,GA,GT,C,C,C,CT,GA,C,C,CG,TC,A,CT,A,CA,C,AG,G,G,G,C,T,G,G,G,G,A,T,GA,A,GC,C,G,T,A,CT,AG,A,T,T,T,C,G,G,A
8015,200905431,Omega_oil,1,EDEN_full,0,1,2,0,51,Pneumonia,.,0,0,0,0,91,0,24,18,22,28,27,28,18,G,GT,C,CT,T,T,A,C,TC,CG,C,GA,CT,A,CA,C,A,GA,AG,G,C,T,G,GA,GA,G,A,T,A,A,GC,C,G,GT,A,C,G,A,T,T,T,C,G,G,A
8018,200807016,Omega_oil,1,EDEN_full,0,0,2,3,72,Pneumonia,131,0,0,0,0,91,27,21,28,22,28,0,28,0,GA,GT,CT,C,CT,T,GA,C,TC,CG,C,G,T,AG,A,C,A,G,G,G,C,T,G,G,A,G,A,T,A,A,G,C,G,G,A,C,G,A,T,T,T,CG,G,G,A
8021,200803533,Omega_placebo,0,EDEN_trophic,1,0,2,0,41,Pneumonia,96,0,0,0,0,91,27,27,28,0,28,28,28,28,GA,GT,C,CT,CT,T,A,C,C,C,C,GA,CT,A,A,CA,A,GA,G,GA,C,T,G,G,GA,G,A,T,G,A,G,C,G,T,A,C,G,A,T,T,TC,G,G,GA,A
8024,200808988,Omega_oil,1,EDEN_full,0,1,2,0,72,Pneumonia,106,0,0,0,0,91,23,23,28,22,28,28,28,28,G,GT,C,CT,T,T,A,C,T,C,C,GA,CT,A,CA,C,A,GA,AG,G,CT,T,G,GA,GA,GA,A,T,A,GA,C,C,G,T,A,CT,AG,A,T,T,T,G,GT,G,A
8025,200905112,Omega_placebo,0,EDEN_full,0,1,2,0,77,Sepsis,171,1,1,1,1,1,0,0,0,0,0,0,0,0,G,GT,CT,C,T,T,GA,CT,TC,C,C,GA,T,AG,A,C,A,GA,AG,G,CT,T,G,G,A,G,A,T,GA,A,G,C,G,T,A,CT,AG,A,GT,T,TC,CG,G,GA,A
8026,200807430,Omega_placebo,0,EDEN_full,0,0,2,0,55,Pneumonia,142,0,0,0,0,91,26,24,28,22,28,0,28,0,G,GT,C,CT,CT,T,A,C,C,C,C,GA,CT,A,A,C,A,GA,AG,G,CT,T,G,GA,A,G,A,T,G,A,G,C,G,T,GA,T,G,A,T,T,T,CG,T,G,A
8032,200806941,Omega_oil,1,EDEN_full,0,1,2,0,28,Sepsis,98,0,0,0,0,91,24,24,26,22,26,28,23,23,G,GT,CT,CT,CT,T,A,C,TC,C,C,GA,T,A,CA,C,A,G,AG,G,C,T,G,G,GA,G,A,T,GA,GA,GC,C,G,T,A,C,G,A,T,T,T,C,G,G,A
8033,200803530,Omega_oil,1,EDEN_trophic,1,1,2,0,67,Pneumonia,63,0,0,0,0,91,25,23,23,28,28,28,28,23,GA,GT,C,CT,CT,T,A,C,C,CG,C,GA,CT,A,CA,C,A,GA,G,G,C,T,G,GA,GA,GA,A,TC,A,GA,C,C,G,T,GA,C,G,A,T,T,T,C,G,G,A
8035,200803529,Omega_placebo,0,EDEN_full,0,0,1,2,24,Aspiration,49,0,0,0,0,91,27,26,27,28,28,28,28,27,GA,GT,CT,C,T,T,GA,C,TC,C,C,G,T,AG,A,C,A,G,G,G,C,T,G,G,A,G,A,T,A,GA,C,C,G,T,A,C,AG,A,T,T,TC,CG,G,GA,A
8037,200905429,Omega_oil,1,EDEN_trophic,1,0,2,0,56,Sepsis,.,0,0,0,0,90,0,0,14,0,26,27,28,13,GA,GT,C,CT,T,NC,A,CT,C,C,C,A,CT,A,A,CA,A,GA,G,G,C,T,G,G,GA,G,A,T,GA,A,G,C,G,GT,A,C,G,A,T,T,T,CG,G,GA,A
7007,200900775,Omega_placebo,0,EDEN_full,0,0,1,2,27,Pneumonia,128,0,0,0,0,91,21,21,28,22,28,28,28,28,G,G,C,C,T,T,A,C,T,C,C,G,T,A,A,C,A,A,A,G,T,T,G,G,A,G,A,T,G,A,G,C,G,T,A,CT,AG,A,T,T,T,C,G,G,A
7008,200910288,Omega_oil,1,EDEN_full,0,0,2,0,84,Aspiration,100,1,1,1,1,5,0,0,2,0,4,4,4,2,GA,G,C,C,T,T,A,C,T,C,C,G,T,A,A,C,A,A,AG,G,CT,T,G,G,A,G,A,T,A,GA,GC,C,G,GT,A,C,AG,A,T,T,T,C,G,G,A
7011,200902247,Omega_placebo,0,EDEN_trophic,1,1,2,0,76,Pneumonia,146,0,0,0,0,91,22,19,16,22,28,26,12,1,GA,G,C,C,T,T,A,CT,C,C,C,GA,T,A,A,C,A,GA,AG,G,C,T,G,G,A,G,A,T,A,A,G,C,G,G,A,CT,A,A,GT,CT,C,G,G,GA,A
7012,200905982,Omega_placebo,0,EDEN_full,0,0,2,0,38,Aspiration,63,0,0,0,0,91,20,20,25,16,28,28,28,25,GA,G,C,C,T,T,A,C,TC,C,C,G,T,A,A,C,A,GA,AG,G,CT,T,G,G,A,G,A,T,GA,A,G,C,G,T,A,CT,G,A,T,T,T,CG,GT,G,A
7013,200902239,Omega_oil,1,EDEN_trophic,1,1,2,0,48,Pneumonia,111,1,1,1,1,2,0,0,0,0,0,1,1,0,A,G,C,C,T,T,A,C,C,C,C,G,T,A,A,C,A,A,G,G,C,T,G,G,A,G,A,T,A,A,GC,C,G,GT,A,C,G,A,T,T,T,CG,G,GA,A
7018,200900772,Omega_placebo,0,EDEN_full,0,0,2,0,51,Pneumonia,59,0,0,0,0,91,21,21,5,22,28,23,28,0,GA,G,C,C,T,T,A,CT,TC,C,C,GA,T,A,A,C,A,GA,AG,GA,C,T,G,G,A,G,A,T,A,A,G,C,G,G,GA,CT,AG,A,T,T,T,CG,GT,GA,A
7020,200905129,Omega_oil,1,EDEN_full,0,1,2,0,35,Sepsis,117,0,0,0,0,91,26,26,26,22,27,25,0,0,A,G,C,C,T,CT,A,C,C,C,C,GA,CT,A,A,CA,A,GA,G,GA,C,T,G,G,GA,G,A,T,G,A,G,C,G,T,A,C,AG,A,T,T,TC,CG,G,GA,A
7023,200900781,Omega_placebo,0,EDEN_trophic,1,0,2,0,69,Aspiration,150,0,0,0,0,91,27,27,28,27,28,28,28,28,GA,G,C,C,T,T,A,C,C,CG,C,G,T,A,A,C,A,GA,AG,G,CT,T,GA,G,A,GA,A,T,GA,A,GC,C,G,T,A,CT,AG,A,T,T,T,CG,GT,G,A
7032,200904347,Omega_oil,1,EDEN_trophic,1,0,2,1,50,Pneumonia,99,1,1,1,1,10,0,0,5,0,9,9,9,5,A,G,C,C,CT,T,A,C,T,CG,C,NC,T,A,C,A,A,G,G,G,C,T,G,G,A,G,AG,T,GA,A,GC,C,G,T,A,T,A,A,T,T,C,G,T,G,AG
7036,200904707,Omega_placebo,0,EDEN_full,0,0,2,0,58,Pneumonia,64,0,0,0,0,91,19,18,24,0,26,25,28,20,GA,G,C,C,CT,T,A,C,C,C,C,G,T,A,A,C,A,A,AG,GA,C,T,G,G,A,G,A,T,A,A,GC,C,G,GT,A,C,G,A,T,T,T,CG,G,G,A
7037,200900831,Omega_oil,1,EDEN_trophic,1,1,2,0,87,Sepsis,119,1,1,1,1,2,0,0,0,1,0,0,0,0,G,G,C,C,CT,T,A,C,TC,C,C,GA,CT,A,CA,C,AG,G,AG,G,C,T,G,G,GA,GA,A,T,A,A,C,C,G,T,A,T,A,A,GT,CT,TC,G,G,G,A
7040,200900432,Omega_oil,1,EDEN_full,0,1,2,0,52,Pneumonia,79,0,0,0,0,91,11,10,11,3,28,28,28,11,GA,G,C,C,T,T,A,CT,NC,C,C,GA,T,A,A,C,A,GA,AG,G,C,T,G,G,A,G,A,T,GA,GA,GC,C,G,T,A,T,A,A,G,C,C,G,NC,G,A
7041,200900430,Omega_oil,1,EDEN_trophic,1,1,2,0,40,Pneumonia,47,0,0,0,0,91,24,24,28,22,28,28,28,28,G,G,C,C,T,T,A,C,T,CG,C,G,T,A,A,C,A,A,A,G,CT,T,G,G,A,G,A,T,A,G,C,C,G,T,A,CT,A,A,T,T,TC,G,G,GA,A
7042,200905068,Omega_oil,1,EDEN_full,0,0,1,2,54,Other,66,0,0,0,0,91,26,26,27,28,28,28,28,27,GA,G,C,C,T,T,A,C,TC,C,C,GA,T,A,CA,C,AG,G,AG,G,C,T,G,G,GA,G,A,T,G,A,G,C,G,NC,NC,C,G,A,T,T,T,CG,G,G,A
7046,200807019,Omega_oil,1,EDEN_full,0,0,2,1,51,Pneumonia,99,0,0,0,0,91,19,18,7,8,28,28,28,7,A,G,C,C,C,T,GA,C,TC,G,TC,GA,T,A,A,C,A,G,G,G,C,T,G,G,GA,G,A,T,GA,A,GC,C,G,T,A,T,AG,A,T,T,TC,G,GT,G,AG
7047,200904344,Omega_oil,1,EDEN_full,0,0,2,0,66,Pneumonia,95,0,1,1,1,19,0,0,0,0,10,13,18,0,G,G,C,C,T,T,A,C,T,C,C,G,T,A,A,C,A,A,A,G,C,T,G,G,A,G,A,T,A,GA,C,C,G,T,GA,CT,AG,CA,T,T,TC,CG,G,G,A
7053,200905118,Omega_placebo,0,EDEN_full,0,0,2,1,48,Pneumonia,67,0,0,0,0,91,17,17,26,22,28,24,28,23,A,G,C,C,C,T,A,C,TC,G,C,A,T,A,C,CA,A,G,G,G,C,T,G,G,A,G,A,T,GA,A,GC,C,G,T,A,CT,AG,A,T,T,TC,CG,GT,G,A
7055,200905422,Omega_oil,1,EDEN_full,0,1,2,0,48,Pneumonia,130,0,0,0,0,91,7,3,18,1,22,1,28,1,G,NC,C,NC,NC,CT,NC,C,TC,CG,NC,GA,CT,NC,NC,C,A,GA,AG,G,CT,T,G,NC,GA,NC,A,T,A,NC,NC,C,NC,G,NC,NC,G,NC,T,T,NC,CG,GT,NC,A
7057,200904332,Omega_oil,1,EDEN_trophic,1,1,2,0,31,Sepsis,95,0,0,0,0,91,24,24,25,28,25,28,28,23,GA,G,C,C,T,T,A,C,TC,C,C,GA,T,A,A,C,A,GA,AG,G,CT,T,GA,G,GA,GA,A,T,A,A,GC,C,G,GT,A,CT,AG,A,T,T,TC,G,NC,NC,A
7058,200904331,Omega_placebo,0,EDEN_trophic,1,0,2,0,32,Sepsis,66,0,0,0,0,91,27,25,28,28,28,28,20,20,GA,G,C,C,T,CT,A,C,C,C,C,GA,CT,A,A,CA,A,GA,AG,G,C,T,G,G,GA,G,A,T,GA,GA,GC,C,G,T,GA,T,AG,CA,T,T,T,CG,GT,G,A
7067,200806562,Omega_placebo,0,EDEN_trophic,1,0,2,0,86,Pneumonia,73,0,0,0,0,91,24,24,23,22,28,28,28,23,G,G,C,C,T,T,A,C,T,C,C,GA,T,A,CA,C,AG,GA,AG,G,C,T,G,G,GA,G,A,T,GA,GA,GC,C,G,T,A,CT,AG,A,T,T,T,C,GT,G,A
7069,200904336,Omega_placebo,0,EDEN_trophic,1,0,2,1,47,Pneumonia,56,0,0,0,0,91,24,25,27,28,28,28,28,27,A,G,C,C,C,T,GA,C,TC,G,TC,G,T,AG,CA,A,A,G,G,G,C,T,G,G,A,GA,AG,T,A,A,C,C,G,T,A,T,AG,A,T,T,T,G,T,G,A
7070,200904354,Omega_placebo,0,EDEN_full,0,1,2,0,81,Pneumonia,96,0,0,1,1,34,22,19,25,22,28,28,28,25,A,G,C,C,CT,T,A,CT,TC,C,C,A,T,A,CA,C,AG,GA,G,GA,C,T,G,G,GA,A,A,TC,A,A,C,C,G,T,A,T,AG,A,GT,CT,TC,G,GT,G,A
7072,200902244,Omega_oil,1,EDEN_trophic,1,0,1,2,42,Sepsis,93,0,0,0,0,91,19,18,18,12,28,28,28,18,G,T,CT,T,C,NC,A,C,C,CG,C,A,C,A,CA,C,AG,G,G,G,C,T,G,G,G,G,A,T,GA,A,G,TC,GA,GT,GA,CT,AG,CA,T,T,TC,CG,NC,G,A
7073,200806942,Omega_placebo,0,EDEN_trophic,1,1,2,0,42,Sepsis,105,0,0,0,0,91,0,0,27,1,26,20,28,20,G,G,C,C,T,T,A,C,TC,C,C,G,T,A,A,C,A,A,A,G,T,T,G,NC,A,G,A,T,GA,A,G,C,G,GT,A,T,A,A,T,T,T,G,T,G,A
7077,200905059,Omega_oil,1,EDEN_trophic,1,1,2,1,45,Other,88,0,0,0,0,91,17,16,24,0,28,28,28,24,A,G,C,C,C,NC,A,NC,C,G,TC,GA,NC,A,CA,C,NC,NC,G,NC,C,T,G,G,NC,G,NC,NC,A,A,C,C,G,NC,NC,CT,AG,A,T,NC,TC,G,NC,GA,NC
7078,200904346,Omega_placebo,0,EDEN_trophic,1,0,2,1,54,Pneumonia,81,0,0,0,0,91,27,19,28,22,28,0,28,0,A,G,C,C,C,T,A,C,C,G,C,NC,T,A,CA,CA,A,G,G,G,C,T,G,G,GA,GA,A,T,A,A,C,C,G,T,A,CT,AG,A,T,T,TC,G,GT,GA,A
7079,200904709,Omega_oil,1,EDEN_trophic,1,0,2,0,79,Trauma,120,0,0,1,1,33,0,0,18,0,27,26,5,0,G,GT,CT,C,T,CT,GA,C,TC,C,C,GA,CT,AG,A,CA,A,GA,AG,G,CT,T,G,G,GA,G,A,T,A,GA,GC,C,G,GT,A,C,G,A,GT,CT,TC,CG,G,G,A
7082,200905113,Omega_placebo,0,EDEN_trophic,1,1,2,1,59,Pneumonia,149,0,0,0,0,90,0,3,14,0,28,28,28,14,A,G,C,C,C,T,A,C,C,CG,C,GA,T,A,C,CA,AG,G,G,G,C,T,G,G,GA,G,A,T,GA,A,GC,TC,GA,T,A,T,AG,A,T,T,TC,G,T,G,A
7083,200910287,Omega_oil,1,EDEN_full,0,0,2,0,85,Pneumonia,142,0,0,0,0,90,23,21,17,22,24,5,28,0,GA,G,C,C,T,T,A,CT,C,CG,C,GA,T,A,A,C,A,G,AG,G,C,T,G,G,A,G,A,T,GA,GA,GC,C,G,T,A,C,G,A,T,T,T,G,G,G,A
7088,200808873,Omega_oil,1,EDEN_full,0,0,2,0,40,Trauma,52,0,0,0,0,91,0,0,19,0,28,28,28,19,GA,G,C,C,T,T,A,C,TC,C,C,G,T,A,A,C,A,A,AG,GA,C,T,G,G,A,GA,A,TC,A,GA,C,C,G,T,A,C,AG,A,T,T,TC,CG,G,GA,A
7090,200806901,Omega_oil,1,EDEN_trophic,1,0,2,0,68,Sepsis,87,0,0,0,0,91,25,25,28,28,28,26,0,0,GA,G,C,C,T,T,A,CT,C,C,C,GA,T,A,CA,C,A,G,AG,G,C,T,G,G,A,G,A,T,A,GA,GC,C,G,GT,GA,C,AG,A,GT,CT,C,CG,G,G,A
7091,200905115,Omega_placebo,0,EDEN_trophic,1,1,1,2,59,Sepsis,115,0,1,1,1,22,0,0,6,0,0,9,16,0,GA,GT,CT,C,T,T,GA,C,C,C,C,GA,T,AG,CA,C,A,G,G,GA,C,T,G,G,GA,G,A,T,GA,GA,GC,TC,GA,T,A,C,G,A,GT,CT,T,CG,G,G,A
7094,200905908,Omega_oil,1,EDEN_full,0,1,2,3,89,Pneumonia,123,0,0,0,0,91,18,17,21,22,28,28,25,21,A,G,C,C,T,T,A,C,C,C,C,G,T,A,A,C,A,G,G,G,C,T,G,G,A,G,A,T,GA,GA,GC,C,G,T,A,C,AG,A,GT,CT,T,G,G,G,A
7095,200905900,Omega_oil,1,EDEN_full,0,1,2,1,41,Pneumonia,82,0,0,0,0,90,23,17,28,22,28,0,28,0,GA,G,C,C,C,CT,A,C,C,CG,C,A,CT,A,CA,CA,AG,G,AG,G,C,T,G,G,G,G,A,T,GA,A,GC,TC,GA,T,A,CT,AG,A,T,T,T,CG,GT,G,A
7097,200900829,Omega_oil,1,EDEN_trophic,1,1,2,0,71,Sepsis,97,0,0,0,0,90,0,0,23,15,23,26,28,21,A,G,C,C,T,T,A,T,C,C,C,A,T,A,A,C,A,G,G,G,C,T,G,G,A,G,A,T,A,G,C,C,G,T,A,T,AG,A,T,T,T,CG,GT,G,A
7100,200804970,Omega_oil,1,EDEN_trophic,1,0,2,0,73,Sepsis,120,1,1,1,1,8,0,0,3,0,7,2,7,2,GA,G,C,C,T,T,A,C,T,C,C,G,T,A,A,C,A,GA,AG,G,CT,T,G,G,A,G,A,T,GA,A,G,C,G,GT,A,T,A,A,GT,CT,TC,CG,G,G,A
7102,200905434,Omega_placebo,0,EDEN_full,0,1,2,0,29,Pneumonia,76,0,0,0,0,91,25,25,27,22,28,28,28,27,G,G,C,C,T,T,A,C,T,C,C,G,T,A,A,C,A,A,AG,G,CT,T,G,G,A,GA,A,T,A,A,GC,C,G,GT,A,C,AG,A,T,T,T,C,G,G,A
7106,200806934,Omega_placebo,0,EDEN_trophic,1,1,2,0,64,Pneumonia,61,0,0,0,0,91,27,26,24,28,28,28,28,24,GA,G,C,C,T,T,A,C,C,C,C,G,T,A,A,C,A,GA,AG,G,C,T,GA,G,A,G,A,T,GA,GA,GC,C,G,T,A,CT,G,A,T,T,TC,CG,GT,GA,A
7110,200904335,Omega_placebo,0,EDEN_full,0,1,2,0,58,Pneumonia,65,0,0,0,0,91,16,9,25,28,28,28,28,25,G,T,C,CT,CT,T,GA,C,TC,C,TC,GA,T,A,CA,C,AG,G,G,G,C,T,G,G,GA,GA,NC,TC,GA,A,GC,C,G,T,A,C,G,A,T,T,T,G,NC,G,A
7111,200900778,Omega_oil,1,EDEN_full,0,0,2,0,25,Sepsis,76,0,0,0,0,91,24,24,27,22,28,28,0,0,G,G,C,C,T,T,A,C,T,C,C,G,T,A,A,C,A,A,A,G,CT,T,G,G,A,G,A,T,GA,A,G,C,G,GT,A,T,A,A,T,T,TC,G,GT,GA,A
7112,200806902,Omega_placebo,0,EDEN_trophic,1,1,2,0,65,Pneumonia,89,0,0,0,0,91,25,23,27,22,28,28,28,27,G,G,C,C,T,T,A,C,TC,C,C,G,T,A,A,C,A,A,A,G,NC,T,G,NC,A,G,A,T,A,GA,C,C,NC,T,A,CT,AG,A,T,T,T,G,GT,GA,A
7113,200905057,Omega_placebo,0,EDEN_full,0,1,2,1,38,Pneumonia,84,1,1,1,1,11,0,0,0,0,10,0,10,0,A,G,C,C,C,T,GA,C,C,G,TC,GA,T,A,CA,C,AG,G,G,G,C,T,G,G,GA,G,A,T,A,G,C,C,G,T,A,CT,AG,A,T,T,TC,G,GT,G,A
7120,200808865,Omega_placebo,0,EDEN_trophic,1,1,2,0,80,Pneumonia,117,1,1,1,1,4,0,0,0,0,0,2,0,0,G,G,C,C,T,T,A,C,T,C,C,G,T,A,A,C,A,A,A,G,T,T,G,G,A,A,A,TC,A,A,C,C,G,T,A,C,G,A,GT,CT,TC,CG,G,G,A
7123,200905901,Omega_oil,1,EDEN_trophic,1,1,2,1,70,Multiple Transfusion,108,1,1,1,1,4,0,0,0,3,0,3,0,0,A,G,C,C,C,CT,A,C,C,G,TC,A,T,A,CA,CA,A,G,G,G,C,T,G,G,GA,G,A,T,GA,A,G,TC,GA,T,A,CT,AG,A,T,T,TC,CG,GT,GA,A
7125,200904351,Omega_oil,1,EDEN_trophic,1,1,2,1,69,Pneumonia,94,0,1,1,1,29,0,0,20,0,23,21,28,16,A,G,C,C,C,T,A,C,TC,G,C,GA,T,A,C,CA,AG,G,G,G,C,T,G,G,A,G,A,T,A,A,C,C,G,T,A,T,A,A,T,T,T,G,T,G,A
7131,200807805,Omega_placebo,0,EDEN_trophic,1,0,2,1,59,Pneumonia,72,0,0,0,0,91,26,26,28,22,28,28,28,28,A,G,C,C,CT,CT,A,C,TC,CG,C,A,T,A,CA,A,A,G,G,G,C,T,G,G,G,G,AG,T,GA,A,GC,TC,GA,T,A,T,A,A,T,T,TC,G,GT,G,A
7134,200902238,Omega_placebo,0,EDEN_trophic,1,1,2,1,56,Pneumonia,70,0,0,0,0,91,12,12,19,7,28,28,28,19,GA,G,C,C,CT,T,A,C,TC,CG,C,A,T,A,C,CA,AG,G,G,G,C,T,G,G,GA,G,A,T,GA,A,GC,TC,GA,T,A,CT,AG,A,T,T,T,G,GT,G,A
7137,200904329,Omega_oil,1,EDEN_trophic,1,1,2,0,51,Pneumonia,104,0,0,0,0,91,22,21,26,22,28,28,28,26,G,GT,C,CT,CT,T,A,C,TC,C,C,GA,CT,A,CA,C,AG,GA,AG,G,CT,T,G,G,GA,G,A,T,A,GA,GC,C,G,GT,G,C,G,CA,T,T,TC,C,G,G,A
7138,200905119,Omega_placebo,0,EDEN_trophic,1,1,1,2,63,Sepsis,105,0,0,0,0,91,23,23,25,22,24,28,28,24,G,GT,CT,CT,CT,T,A,C,C,C,C,GA,T,A,CA,C,A,GA,AG,G,C,T,G,G,GA,G,A,T,GA,A,G,C,G,GT,NC,CT,A,CA,GT,CT,TC,CG,G,G,A
7139,200905071,Omega_placebo,0,EDEN_trophic,1,1,2,0,38,Pneumonia,43,0,0,0,0,91,23,23,27,22,28,28,28,27,GA,G,C,C,T,T,A,C,T,C,C,G,T,A,A,C,A,GA,AG,G,CT,T,G,G,A,G,A,T,GA,A,GC,C,G,GT,GA,C,G,CA,T,T,TC,CG,G,G,A
7143,200806930,Omega_placebo,0,EDEN_trophic,1,0,2,0,76,Pneumonia,94,1,1,1,1,1,0,0,0,0,0,0,0,0,GA,G,C,C,T,T,A,C,TC,C,C,G,T,A,A,C,A,GA,AG,GA,CT,T,G,G,A,G,A,T,GA,A,GC,C,G,T,A,CT,G,A,T,T,TC,C,GT,GA,A
7145,200905419,Omega_oil,1,EDEN_trophic,1,0,2,0,49,Pneumonia,97,0,0,0,0,91,16,15,28,22,28,0,28,0,G,G,C,C,T,NC,A,NC,C,C,C,G,NC,A,A,C,A,NC,A,NC,CT,T,G,G,A,G,NC,NC,A,GA,GC,C,G,NC,NC,CT,AG,A,T,NC,T,G,NC,GA,NC
7146,200905918,Omega_oil,1,EDEN_full,0,0,2,0,50,Pneumonia,89,0,0,0,0,91,23,23,25,22,28,28,28,25,GA,G,C,C,T,T,A,C,TC,C,C,G,T,A,A,C,A,GA,AG,GA,CT,T,G,G,A,NC,A,T,A,NC,NC,C,G,T,A,NC,G,A,T,T,TC,CG,GT,GA,A
7147,200806939,Omega_oil,1,EDEN_full,0,1,2,0,59,Sepsis,90,0,0,0,0,91,20,19,8,13,26,22,28,6,A,G,C,C,T,T,A,CT,C,C,C,GA,T,A,A,C,A,GA,G,G,C,T,G,G,A,A,A,TC,A,A,C,C,G,T,A,C,G,A,T,CT,T,CG,G,G,A
7149,200905114,Omega_oil,1,EDEN_full,0,1,2,1,60,Pneumonia,110,0,0,0,0,91,10,17,26,5,28,28,28,26,A,G,C,C,C,T,GA,C,C,G,T,GA,T,A,CA,CA,A,G,G,G,C,T,G,G,GA,G,A,T,G,A,G,TC,GA,T,A,CT,AG,A,T,T,C,G,GT,G,A
7152,200806910,Omega_oil,1,EDEN_trophic,1,0,2,1,57,Pneumonia,58,0,0,0,0,91,19,7,27,28,28,28,28,27,GA,G,C,C,CT,T,A,C,TC,CG,C,G,T,A,CA,C,A,GA,G,G,C,T,G,G,A,GA,NC,T,GA,A,GC,TC,GA,T,A,T,AG,A,T,T,TC,G,NC,GA,A
7154,200900776,Omega_oil,1,EDEN_trophic,1,1,2,0,70,Sepsis,91,0,0,0,0,91,28,27,28,8,28,28,0,0,GA,G,C,C,T,T,A,C,TC,C,C,G,T,A,A,C,A,A,AG,G,CT,T,G,G,A,G,A,T,A,GA,GC,C,G,GT,A,T,AG,A,GT,CT,TC,G,GT,G,A
7155,200904349,Omega_placebo,0,EDEN_trophic,1,1,2,1,51,Pneumonia,128,0,0,0,0,91,0,0,19,0,28,6,7,6,A,G,C,C,C,T,A,C,C,CG,C,A,T,A,C,C,G,G,G,G,C,T,G,G,GA,GA,A,T,GA,A,GC,TC,GA,T,A,T,A,A,T,T,TC,G,T,GA,A
7156,200902246,Omega_oil,1,EDEN_trophic,1,1,2,0,65,Pneumonia,148,0,0,0,0,91,24,26,22,22,28,28,28,22,G,G,C,C,T,T,A,C,T,C,C,G,T,A,A,C,A,A,A,G,T,T,G,G,A,G,A,T,A,GA,C,C,G,T,A,CT,G,A,T,T,T,G,GT,G,A
7158,200905070,Omega_oil,1,EDEN_trophic,1,0,2,0,52,Pneumonia,64,1,1,1,1,9,0,0,2,0,6,1,8,0,G,G,C,C,T,T,A,C,T,C,C,G,T,A,A,C,A,A,A,G,CT,T,G,G,A,G,A,T,GA,GA,GC,C,G,T,A,C,G,A,T,CT,T,C,G,G,A
7159,200807807,Omega_oil,1,EDEN_full,0,1,2,1,41,Pneumonia,108,0,0,0,0,90,11,6,20,1,28,18,28,17,A,G,C,C,C,T,GA,C,C,G,TC,A,T,A,CA,C,A,G,G,G,C,T,G,G,GA,G,A,T,GA,A,GC,C,G,T,A,T,A,A,T,T,TC,G,T,G,AG
7160,200905127,Omega_oil,1,EDEN_trophic,1,1,2,0,39,Pneumonia,.,0,0,0,0,91,22,21,25,15,28,28,28,25,A,G,C,C,T,T,A,C,C,C,C,G,T,A,A,C,A,A,G,GA,C,T,G,G,A,G,A,T,GA,A,G,C,G,GT,A,C,G,A,T,T,T,CG,G,G,A
7161,200900434,Omega_placebo,0,EDEN_trophic,1,0,2,0,54,Sepsis,68,0,1,1,1,16,0,0,1,0,9,8,12,1,G,G,C,C,T,T,A,C,TC,C,C,G,T,A,A,C,A,A,G,G,C,T,G,G,A,G,A,T,A,G,C,C,G,T,A,C,G,A,T,T,T,CG,G,GA,A
7162,200902252,Omega_oil,1,EDEN_trophic,1,1,2,1,89,Pneumonia,.,0,0,0,0,91,21,19,5,22,28,28,28,5,A,G,C,C,CT,T,A,C,TC,CG,C,G,T,A,CA,CA,A,GA,G,G,C,T,G,G,A,G,A,T,G,A,G,T,A,T,A,CT,A,A,T,T,T,G,GT,G,A
7163,200900429,Omega_oil,1,EDEN_trophic,1,0,2,0,57,Trauma,64,0,0,0,0,91,15,15,28,7,28,28,28,28,NC,G,NC,C,T,T,A,CT,NC,C,C,NC,T,A,NC,C,A,GA,NC,G,CT,NC,G,NC,A,G,A,T,GA,A,GC,C,NC,T,A,CT,NC,A,NC,T,C,CG,GT,GA,A
7164,200905061,Omega_oil,1,EDEN_full,0,1,2,0,44,Pneumonia,50,0,0,0,0,91,26,25,28,28,28,28,28,28,GA,G,C,C,T,CT,A,CT,C,C,C,A,CT,A,CA,C,AG,G,AG,G,CT,T,G,G,GA,G,A,T,A,GA,GC,C,G,GT,A,CT,G,A,T,T,T,CG,GT,G,A
7167,200904348,Omega_oil,1,EDEN_trophic,1,1,2,1,38,Pneumonia,67,0,0,0,0,91,25,25,28,23,28,0,28,0,A,G,C,C,CT,T,A,C,TC,G,C,GA,T,A,C,CA,AG,G,G,G,C,T,G,G,A,G,A,T,GA,GA,C,C,GA,T,A,T,A,A,T,T,C,CG,GT,GA,A
7170,200902249,Omega_placebo,0,EDEN_trophic,1,0,2,0,65,Other,72,0,0,0,0,91,6,4,25,1,28,28,28,25,NC,G,NC,C,T,CT,A,C,NC,C,C,NC,CT,A,NC,C,A,GA,NC,G,NC,NC,G,NC,GA,G,A,T,GA,A,G,NC,NC,GT,A,CT,NC,A,NC,CT,T,CG,G,G,A
7171,200900433,Omega_placebo,0,EDEN_full,0,1,2,0,60,Sepsis,79,0,0,0,0,91,16,16,27,7,28,27,24,23,A,G,C,C,CT,T,A,C,TC,C,C,GA,T,A,CA,C,AG,G,G,G,C,T,G,G,GA,G,A,T,A,GA,C,C,G,T,A,CT,G,A,T,T,T,G,GT,G,A
7172,200904703,Omega_oil,1,EDEN_full,0,0,2,1,42,Aspiration,89,0,0,0,0,91,19,19,22,13,26,28,28,21,GA,G,C,C,CT,T,A,C,T,CG,C,G,T,A,A,C,A,G,G,G,C,T,G,G,A,G,A,T,GA,A,G,TC,GA,T,A,T,A,A,T,T,TC,G,T,G,A
7174,200808867,Omega_placebo,0,EDEN_full,0,0,2,0,47,Pneumonia,79,0,0,0,0,91,21,20,4,17,28,28,28,4,GA,G,C,C,CT,T,A,C,TC,C,C,G,T,A,A,C,A,GA,AG,GA,CT,T,G,G,A,G,A,T,GA,A,GC,C,G,T,A,CT,AG,A,T,T,T,C,G,G,A
7175,200900835,Omega_oil,1,EDEN_full,0,1,2,0,51,Aspiration,72,0,0,0,0,91,24,24,27,28,28,28,28,27,G,G,C,C,T,T,A,C,TC,CG,TC,GA,CT,A,CA,C,A,A,A,G,CT,T,G,GA,GA,G,A,T,G,A,G,C,G,T,A,T,AG,A,T,T,T,CG,T,G,A
7179,200905069,Omega_oil,1,EDEN_trophic,1,0,2,0,72,Pneumonia,92,1,1,1,1,9,0,4,6,2,8,8,8,6,GA,G,C,C,T,T,A,C,T,C,C,G,T,A,A,C,A,GA,AG,G,CT,T,G,G,A,G,A,T,GA,A,G,C,G,GT,A,CT,AG,A,T,T,TC,G,GT,GA,A
7180,200901557,Omega_oil,1,EDEN_full,0,0,2,0,56,Aspiration,64,0,1,1,1,16,0,0,9,0,15,13,15,9,GA,G,C,C,T,T,A,C,T,C,C,G,T,A,A,C,A,GA,A,G,CT,T,G,G,A,GA,A,T,A,A,GC,C,G,GT,A,C,AG,A,T,T,TC,G,G,A,A
7183,200905902,Omega_placebo,0,EDEN_trophic,1,1,2,0,75,Aspiration,97,1,1,1,1,12,0,0,3,11,11,8,0,0,G,G,C,C,T,T,A,C,TC,C,C,G,T,A,A,C,A,GA,A,G,CT,T,G,G,A,GA,A,T,A,GA,C,C,G,T,A,T,AG,A,T,T,T,G,G,G,A
7184,200905121,Omega_placebo,0,EDEN_full,0,1,2,0,37,Pneumonia,47,0,0,0,0,91,22,22,7,28,28,28,28,7,G,G,C,C,T,T,A,C,TC,C,C,G,T,A,A,C,A,A,A,G,C,T,G,G,A,G,A,T,A,A,G,C,G,G,A,CT,A,A,T,T,T,G,GT,G,A
7186,200904704,Omega_oil,1,EDEN_full,0,0,2,1,46,Pneumonia,111,0,0,0,0,91,22,23,25,22,28,0,3,0,GA,G,C,C,CT,T,A,C,T,CG,C,GA,T,A,CA,C,A,GA,AG,G,CT,T,G,G,GA,G,A,T,G,A,G,TC,G,T,A,T,A,A,T,T,TC,CG,GT,G,A
7187,200904710,Omega_placebo,0,EDEN_trophic,1,0,2,0,27,Aspiration,73,0,0,0,0,91,23,22,26,22,28,28,28,26,G,G,C,C,T,T,A,C,TC,C,C,G,T,A,A,C,A,A,A,G,T,T,G,G,A,G,A,T,G,A,G,C,G,T,A,C,G,A,T,T,T,CG,G,G,A
7189,200905075,Omega_oil,1,EDEN_trophic,1,0,2,1,45,Pneumonia,62,1,1,1,1,13,0,0,1,12,12,12,12,1,A,G,C,C,T,T,A,C,T,G,C,G,T,A,CA,A,A,G,G,G,C,T,G,G,GA,G,A,T,GA,A,G,C,G,T,A,CT,AG,A,T,T,TC,G,G,GA,A
7190,200808990,Omega_oil,1,EDEN_full,0,0,2,0,84,Aspiration,97,1,1,1,1,12,0,0,6,0,11,11,11,6,GA,G,C,C,T,T,A,C,C,C,C,G,T,A,A,C,A,GA,AG,GA,CT,T,G,G,A,G,A,T,GA,A,G,C,G,GT,NC,C,G,A,T,T,T,CG,G,GA,A
7191,200905123,Omega_oil,1,EDEN_trophic,1,1,2,0,55,Sepsis,89,0,0,0,0,91,19,21,23,16,27,26,28,23,GA,G,C,C,T,T,A,C,TC,C,C,G,T,A,A,C,A,GA,AG,GA,C,T,G,G,A,G,A,T,GA,GA,GC,C,G,T,A,CT,AG,A,T,T,T,CG,G,G,A
7193,200904353,Omega_oil,1,EDEN_trophic,1,1,2,0,47,Pneumonia,59,0,0,0,0,91,27,27,3,24,28,28,28,3,G,G,C,C,T,T,A,C,T,CG,C,G,T,A,A,C,A,A,AG,G,CT,T,G,G,A,GA,A,TC,A,GA,C,C,G,T,GA,CT,AG,CA,T,T,TC,C,G,G,A
7196,200905056,Omega_oil,1,EDEN_full,0,0,2,1,21,Other,63,0,0,0,0,91,26,25,28,22,27,28,0,0,A,G,C,C,C,T,G,C,C,G,T,A,T,A,A,C,A,G,G,G,C,T,G,G,G,G,A,T,GA,A,GC,C,G,T,A,T,A,A,T,T,TC,G,T,G,AG
7197,200905420,Omega_oil,1,EDEN_trophic,1,1,2,0,55,Pneumonia,61,0,0,0,0,91,27,27,27,26,28,28,28,27,GA,G,C,C,T,CT,A,C,TC,CG,C,GA,CT,A,A,C,A,G,AG,G,CT,T,G,G,GA,G,A,T,GA,A,GC,C,G,T,NC,C,G,A,T,T,T,C,G,G,A
7198,200803947,Omega_oil,1,EDEN_trophic,1,0,2,0,43,Sepsis,136,0,0,0,0,90,9,8,23,8,28,0,28,0,A,G,C,C,CT,CT,A,C,C,CG,C,GA,CT,A,A,C,A,G,G,GA,C,T,G,G,GA,G,A,T,GA,A,GC,C,G,T,NC,C,G,A,T,T,T,CG,G,G,A
7200,200905130,Omega_oil,1,EDEN_full,0,0,2,1,33,Pneumonia,114,0,0,0,0,91,25,25,28,22,25,28,24,24,GA,G,C,C,CT,T,A,C,TC,CG,TC,G,T,A,CA,CA,A,GA,AG,G,C,T,G,G,A,G,A,T,GA,A,G,TC,GA,T,A,T,A,A,T,T,T,G,T,G,AG
7202,200905425,Omega_placebo,0,EDEN_full,0,1,2,0,40,Aspiration,87,0,0,0,0,91,17,21,17,22,28,28,28,17,A,G,C,C,T,T,A,C,C,C,C,G,T,A,A,C,A,A,G,G,C,T,G,G,A,GA,A,T,A,GA,C,C,G,T,GA,CT,AG,A,T,T,T,C,G,G,A
7204,200807802,Omega_placebo,0,EDEN_full,0,1,2,0,59,Aspiration,69,0,0,0,0,91,24,23,27,28,28,28,28,27,G,G,C,C,T,T,A,C,T,C,C,GA,T,A,CA,C,AG,GA,A,G,C,T,G,G,GA,G,A,T,GA,GA,GC,C,G,T,A,CT,AG,A,T,T,T,CG,G,G,A
7205,200905117,Omega_placebo,0,EDEN_full,0,1,1,2,46,Pneumonia,77,0,0,0,0,91,26,21,25,22,28,28,28,25,GA,G,C,C,CT,T,A,CT,TC,CG,C,A,T,A,CA,CA,AG,G,AG,G,C,T,G,G,GA,G,A,T,A,A,G,C,G,T,A,C,G,A,G,C,T,G,G,G,A
7209,200904340,Omega_oil,1,EDEN_trophic,1,0,2,1,18,Aspiration,95,0,0,0,0,91,22,22,24,22,28,28,23,22,.,.,.,.,.,.,.,.,.,.,.,.,.,.,.,.,.,.,.,.,.,.,.,.,.,.,.,.,.,.,.,.,.,.,.,.,.,.,.,.,.,.,.,.,.
7211,200806922,Omega_placebo,0,EDEN_trophic,1,1,2,0,59,Pneumonia,61,0,0,1,1,58,7,4,14,28,28,28,28,14,GA,G,C,C,CT,T,A,C,T,CG,C,G,T,A,CA,CA,A,GA,AG,G,CT,T,G,G,A,GA,A,T,A,A,GC,C,G,GT,A,C,AG,A,T,T,TC,C,G,G,A
7213,200900839,Omega_placebo,0,EDEN_trophic,1,1,2,0,31,Aspiration,56,0,0,0,0,91,23,19,0,22,28,28,28,0,GA,G,C,C,CT,T,A,C,TC,C,C,GA,CT,A,CA,C,A,GA,G,G,C,T,G,GA,GA,G,A,T,A,A,C,C,G,T,A,CT,AG,A,T,T,T,CG,GT,G,A
7214,200905062,Omega_placebo,0,EDEN_trophic,1,0,2,1,40,Pneumonia,110,0,0,0,0,91,24,23,27,22,27,28,28,27,A,G,C,C,C,T,A,C,TC,G,TC,G,T,A,C,CA,A,G,G,G,C,T,G,G,GA,GA,A,T,G,A,G,TC,A,T,A,CT,AG,A,T,T,T,CG,GT,G,A
7216,200905060,Omega_placebo,0,EDEN_full,0,0,2,0,71,Sepsis,91,0,0,0,0,91,18,15,28,16,28,26,28,26,G,G,C,C,T,CT,A,C,C,C,C,G,T,A,A,C,A,GA,A,G,C,T,G,G,GA,G,A,T,GA,A,G,C,G,GT,GA,CT,AG,A,GT,CT,TC,CG,NC,G,A
7218,200904343,Omega_oil,1,EDEN_full,0,0,2,0,51,Sepsis,69,0,0,0,0,91,24,24,25,28,28,28,28,25,GA,G,C,C,T,T,A,C,TC,C,C,G,T,A,A,C,A,GA,AG,GA,CT,T,G,G,A,GA,A,TC,GA,A,GC,C,G,T,A,CT,AG,A,T,T,T,CG,GT,G,A
7220,200900771,Omega_placebo,0,EDEN_full,0,0,2,0,49,Pneumonia,61,0,0,0,0,91,0,0,7,0,28,28,28,7,GA,G,C,C,T,T,A,CT,TC,C,C,GA,T,A,CA,C,AG,GA,AG,G,CT,T,G,G,GA,G,A,T,GA,GA,GC,C,G,T,A,C,AG,A,GT,CT,TC,CG,G,G,A
7222,200905421,Omega_placebo,0,EDEN_trophic,1,1,2,1,75,Pneumonia,112,0,0,0,0,91,20,20,25,22,15,28,28,13,A,G,C,C,CT,T,A,C,C,CG,TC,GA,T,A,CA,CA,A,G,G,G,C,T,G,G,A,G,A,T,GA,A,GC,C,G,T,NC,CT,G,A,T,T,TC,CG,G,GA,A
7223,200902240,Omega_oil,1,EDEN_full,0,0,2,0,63,Pneumonia,123,0,0,1,1,32,0,0,11,0,25,3,6,0,G,G,C,C,T,T,A,C,TC,CG,C,GA,CT,A,CA,C,A,GA,A,G,CT,T,G,GA,GA,G,A,T,A,G,C,C,G,T,A,CT,AG,A,GT,CT,T,CG,GT,G,A
7225,200904846,Omega_placebo,0,EDEN_full,0,1,2,0,37,Pneumonia,125,0,0,0,0,91,23,23,27,22,28,28,28,27,A,G,C,C,CT,T,A,C,C,C,TC,GA,T,A,CA,C,AG,GA,G,GA,C,T,G,G,GA,G,A,T,A,GA,GC,C,G,GT,A,C,G,A,T,T,T,CG,G,G,A
7228,200904345,Omega_placebo,0,EDEN_full,0,1,2,1,26,Sepsis,144,1,1,1,1,12,0,0,1,0,7,3,11,0,A,G,C,C,C,T,A,C,C,G,T,G,T,A,C,CA,A,G,G,G,C,T,G,G,A,G,A,T,A,A,GC,C,G,T,A,T,A,A,T,T,C,G,GT,G,A
7231,200904328,Omega_placebo,0,EDEN_full,0,0,2,0,33,Other,63,0,0,0,0,91,19,9,12,1,25,28,28,11,A,G,C,C,T,T,A,C,TC,C,C,G,T,A,A,C,A,A,G,G,C,T,G,G,A,G,A,T,G,A,G,C,G,T,A,CT,AG,A,T,T,T,C,GT,G,A
7232,200902241,Omega_oil,1,EDEN_full,0,1,2,0,45,Pneumonia,103,0,0,0,0,91,20,21,0,22,28,28,28,0,GA,G,C,C,T,T,A,C,T,C,C,G,T,A,A,C,A,GA,AG,G,C,T,G,G,A,G,A,T,A,G,C,C,G,T,GA,C,G,A,T,CT,T,C,G,G,A
7233,200905076,Omega_oil,1,EDEN_full,0,0,2,1,34,Other,79,0,0,0,0,91,25,23,28,22,28,28,0,0,A,G,C,C,C,CT,A,C,TC,G,TC,GA,CT,A,CA,A,A,G,G,G,C,T,G,G,GA,G,A,T,GA,A,GC,TC,GA,T,A,CT,G,A,T,T,T,CG,GT,G,A
7234,200904847,Omega_oil,1,EDEN_full,0,1,2,0,48,Sepsis,113,0,0,0,0,91,25,23,24,22,28,28,0,0,GA,G,C,C,T,T,A,C,T,C,C,G,T,A,CA,CA,A,GA,AG,G,C,T,G,G,GA,G,A,T,G,A,G,C,G,T,A,T,AG,A,T,T,TC,G,GT,GA,A
7235,200808989,Omega_placebo,0,EDEN_full,0,1,2,1,35,Pneumonia,81,0,0,0,0,91,19,17,15,16,28,3,28,0,A,G,C,C,C,T,A,C,C,CG,C,GA,CT,A,CA,CA,A,GA,G,G,C,T,G,GA,GA,G,A,T,A,GA,C,C,G,T,A,CT,AG,A,T,T,T,C,G,G,A
8002,200803531,Omega_oil,1,EDEN_full,0,1,2,0,32,Aspiration,105,0,0,0,0,91,25,25,27,22,21,24,26,21,G,NC,C,NC,NC,T,NC,C,TC,C,NC,GA,CT,NC,CA,C,A,GA,A,G,C,T,G,GA,GA,NC,A,T,A,NC,NC,C,G,GT,A,NC,AG,NC,T,T,NC,C,G,NC,A
8005,200808982,Omega_oil,1,EDEN_trophic,1,0,2,0,29,Aspiration,67,0,0,0,0,91,26,24,28,22,28,28,28,28,G,G,C,C,T,T,A,C,TC,C,C,G,T,A,CA,C,AG,GA,A,G,CT,T,G,G,GA,G,A,T,GA,A,G,C,G,GT,A,C,G,A,T,T,TC,G,G,GA,A
8011,200806933,Omega_oil,1,EDEN_full,0,0,2,1,64,Pneumonia,139,0,0,0,0,91,28,26,28,26,28,27,0,0,A,G,C,C,CT,T,GA,C,TC,G,TC,GA,T,A,CA,CA,A,G,G,G,C,T,G,G,GA,G,A,T,GA,A,GC,C,G,T,A,T,A,A,T,T,C,G,T,A,A
8014,200807422,Omega_oil,1,EDEN_trophic,1,1,2,1,68,Sepsis,86,0,0,0,0,90,26,25,26,22,25,4,28,0,A,G,C,C,C,T,GA,C,C,G,C,A,T,AG,C,CA,A,G,G,G,C,T,G,G,GA,GA,A,TC,GA,A,C,C,GA,T,A,C,G,A,T,T,T,C,G,GA,A
8020,200804081,Omega_oil,1,EDEN_trophic,1,0,2,0,58,Sepsis,68,0,0,0,0,91,20,19,18,17,27,28,28,18,G,GT,C,C,CT,T,GA,C,C,C,TC,GA,T,A,CA,C,AG,GA,G,G,C,T,G,G,GA,GA,A,T,A,A,GC,C,G,GT,A,C,G,A,T,T,T,CG,G,G,A
8022,200808985,Omega_placebo,0,EDEN_full,0,0,2,0,48,Aspiration,75,0,0,0,0,91,21,21,27,1,28,28,28,27,A,G,C,C,T,T,A,CT,TC,C,C,GA,T,A,A,C,A,GA,G,G,C,T,G,G,A,G,A,T,GA,A,G,C,G,GT,A,T,AG,A,T,T,C,CG,T,GA,A
8023,200807425,Omega_placebo,0,EDEN_trophic,1,0,2,0,36,Trauma,63,0,0,0,0,90,26,25,28,22,28,28,28,28,G,GT,CT,CT,CT,NC,A,C,TC,CG,C,GA,CT,A,A,C,A,GA,AG,G,CT,T,G,G,GA,G,A,T,GA,GA,GC,C,G,T,A,CT,AG,A,T,T,T,CG,G,G,A
8027,200806929,Omega_placebo,0,EDEN_trophic,1,1,2,0,46,Sepsis,83,1,1,1,1,1,0,0,0,0,0,0,0,0,GA,G,C,C,T,T,A,CT,TC,C,C,GA,T,A,A,C,A,G,G,G,C,T,G,G,A,G,A,T,A,A,GC,C,G,GT,GA,CT,AG,CA,T,T,TC,CG,G,G,A
8029,200807017,Omega_placebo,0,EDEN_full,0,0,2,0,51,Aspiration,94,0,0,0,0,91,13,7,24,1,28,28,14,11,GA,G,C,C,T,T,A,C,T,C,C,G,T,A,A,C,A,GA,AG,G,C,T,G,G,A,GA,A,T,GA,A,GC,C,G,T,A,CT,G,A,T,T,T,G,NC,GA,A
8030,200806932,Omega_placebo,0,EDEN_full,0,0,2,0,53,Sepsis,99,0,0,0,0,91,7,8,22,1,28,22,28,20,GA,G,C,C,T,T,A,C,TC,C,C,GA,T,A,A,C,A,G,AG,GA,C,T,G,G,GA,G,A,T,A,GA,C,C,G,T,A,C,AG,A,T,T,TC,CG,G,GA,A
8031,200806938,Omega_oil,1,EDEN_trophic,1,0,2,0,27,Pneumonia,99,0,0,0,0,91,0,0,13,0,28,0,28,0,GA,G,C,C,T,CT,A,C,C,C,C,A,CT,A,CA,CA,AG,G,G,GA,C,T,G,G,G,G,A,T,GA,GA,GC,C,G,T,A,T,AG,A,T,T,TC,CG,T,GA,A
8034,200807423,Omega_placebo,0,EDEN_full,0,1,2,0,54,Aspiration,49,0,0,0,0,91,27,27,28,0,28,28,28,28,G,G,C,C,CT,T,A,C,T,C,C,GA,T,A,CA,C,AG,GA,AG,G,C,T,G,G,GA,G,A,T,GA,A,G,C,G,GT,GA,CT,G,A,T,T,T,CG,G,G,A
7004,.,Omega_placebo,0,EDEN_trophic,1,1,1,2,44,Other,80,0,0,0,0,91,0,11,24,0,28,28,28,24,.,.,.,.,.,.,.,.,.,.,.,.,.,.,.,.,.,.,.,.,.,.,.,.,.,.,.,.,.,.,.,.,.,.,.,.,.,.,.,.,.,.,.,.,.
7006,.,Omega_placebo,0,EDEN_trophic,1,0,2,0,82,Aspiration,78,0,0,0,0,91,23,24,27,22,28,0,28,0,.,.,.,.,.,.,.,.,.,.,.,.,.,.,.,.,.,.,.,.,.,.,.,.,.,.,.,.,.,.,.,.,.,.,.,.,.,.,.,.,.,.,.,.,.
7014,.,Omega_placebo,0,EDEN_full,0,0,2,3,38,Other,75,0,0,0,0,91,23,12,20,4,28,28,28,20,.,.,.,.,.,.,.,.,.,.,.,.,.,.,.,.,.,.,.,.,.,.,.,.,.,.,.,.,.,.,.,.,.,.,.,.,.,.,.,.,.,.,.,.,.
7021,.,Omega_placebo,0,EDEN_trophic,1,1,2,0,63,Sepsis,.,0,0,0,0,91,26,26,27,22,28,23,28,23,.,.,.,.,.,.,.,.,.,.,.,.,.,.,.,.,.,.,.,.,.,.,.,.,.,.,.,.,.,.,.,.,.,.,.,.,.,.,.,.,.,.,.,.,.
7030,.,Omega_placebo,0,EDEN_trophic,1,0,2,0,21,Aspiration,47,0,0,0,0,91,2,3,21,22,28,25,28,21,.,.,.,.,.,.,.,.,.,.,.,.,.,.,.,.,.,.,.,.,.,.,.,.,.,.,.,.,.,.,.,.,.,.,.,.,.,.,.,.,.,.,.,.,.
7033,.,Omega_oil,1,EDEN_full,0,0,2,0,47,Pneumonia,102,0,0,0,0,91,18,15,16,28,28,28,28,16,.,.,.,.,.,.,.,.,.,.,.,.,.,.,.,.,.,.,.,.,.,.,.,.,.,.,.,.,.,.,.,.,.,.,.,.,.,.,.,.,.,.,.,.,.
7038,.,Omega_placebo,0,EDEN_trophic,1,0,2,1,72,Pneumonia,76,0,0,0,0,91,22,22,27,22,28,28,28,27,.,.,.,.,.,.,.,.,.,.,.,.,.,.,.,.,.,.,.,.,.,.,.,.,.,.,.,.,.,.,.,.,.,.,.,.,.,.,.,.,.,.,.,.,.
7045,.,Omega_oil,1,EDEN_trophic,1,1,2,0,28,Sepsis,102,0,1,1,1,23,0,0,8,16,16,22,22,7,.,.,.,.,.,.,.,.,.,.,.,.,.,.,.,.,.,.,.,.,.,.,.,.,.,.,.,.,.,.,.,.,.,.,.,.,.,.,.,.,.,.,.,.,.
7084,200905921,Omega_oil,1,EDEN_full,0,1,2,0,79,Sepsis,72,0,0,0,0,91,26,23,28,0,25,28,28,25,.,.,.,.,.,.,.,.,.,.,.,.,.,.,.,.,.,.,.,.,.,.,.,.,.,.,.,.,.,.,.,.,.,.,.,.,.,.,.,.,.,.,.,.,.
7086,.,Omega_placebo,0,EDEN_full,0,0,2,0,52,Pneumonia,84,0,0,0,0,91,24,22,27,22,28,0,28,0,.,.,.,.,.,.,.,.,.,.,.,.,.,.,.,.,.,.,.,.,.,.,.,.,.,.,.,.,.,.,.,.,.,.,.,.,.,.,.,.,.,.,.,.,.
7098,.,Omega_oil,1,EDEN_trophic,1,0,2,0,62,Trauma,78,0,0,0,0,91,27,26,28,24,28,28,28,28,.,.,.,.,.,.,.,.,.,.,.,.,.,.,.,.,.,.,.,.,.,.,.,.,.,.,.,.,.,.,.,.,.,.,.,.,.,.,.,.,.,.,.,.,.
7115,.,Omega_oil,1,EDEN_full,0,1,2,0,62,Pneumonia,115,0,0,0,0,91,19,18,19,16,28,28,28,19,.,.,.,.,.,.,.,.,.,.,.,.,.,.,.,.,.,.,.,.,.,.,.,.,.,.,.,.,.,.,.,.,.,.,.,.,.,.,.,.,.,.,.,.,.
7122,.,Omega_placebo,0,EDEN_trophic,1,1,1,2,65,Pneumonia,103,1,1,1,1,12,0,0,10,0,11,11,11,10,.,.,.,.,.,.,.,.,.,.,.,.,.,.,.,.,.,.,.,.,.,.,.,.,.,.,.,.,.,.,.,.,.,.,.,.,.,.,.,.,.,.,.,.,.
7124,.,Omega_placebo,0,EDEN_trophic,1,0,1,2,55,Sepsis,100,0,0,0,0,91,17,19,23,22,25,3,26,3,.,.,.,.,.,.,.,.,.,.,.,.,.,.,.,.,.,.,.,.,.,.,.,.,.,.,.,.,.,.,.,.,.,.,.,.,.,.,.,.,.,.,.,.,.
7128,.,Omega_placebo,0,EDEN_full,0,0,2,0,68,Sepsis,96,0,0,0,0,90,27,27,25,22,25,28,28,23,.,.,.,.,.,.,.,.,.,.,.,.,.,.,.,.,.,.,.,.,.,.,.,.,.,.,.,.,.,.,.,.,.,.,.,.,.,.,.,.,.,.,.,.,.
7133,.,Omega_oil,1,EDEN_full,0,1,2,0,42,Other,90,0,0,0,0,91,0,0,19,16,28,18,28,16,.,.,.,.,.,.,.,.,.,.,.,.,.,.,.,.,.,.,.,.,.,.,.,.,.,.,.,.,.,.,.,.,.,.,.,.,.,.,.,.,.,.,.,.,.
7135,200904154,Omega_oil,1,EDEN_trophic,1,1,2,0,69,Pneumonia,78,0,0,0,0,91,0,16,27,12,28,28,28,27,.,.,.,.,.,.,.,.,.,.,.,.,.,.,.,.,.,.,.,.,.,.,.,.,.,.,.,.,.,.,.,.,.,.,.,.,.,.,.,.,.,.,.,.,.
7144,200905126,Omega_oil,1,EDEN_trophic,1,0,2,0,65,Pneumonia,139,0,1,1,1,18,0,0,0,0,0,17,0,0,.,.,.,.,.,.,.,.,.,.,.,.,.,.,.,.,.,.,.,.,.,.,.,.,.,.,.,.,.,.,.,.,.,.,.,.,.,.,.,.,.,.,.,.,.
7148,.,Omega_oil,1,EDEN_trophic,1,1,2,3,76,Pneumonia,112,1,1,1,1,4,0,0,0,0,3,3,3,0,.,.,.,.,.,.,.,.,.,.,.,.,.,.,.,.,.,.,.,.,.,.,.,.,.,.,.,.,.,.,.,.,.,.,.,.,.,.,.,.,.,.,.,.,.
7176,.,Omega_placebo,0,EDEN_full,0,0,2,1,56,Pneumonia,96,0,0,0,0,91,24,24,28,22,28,21,28,21,.,.,.,.,.,.,.,.,.,.,.,.,.,.,.,.,.,.,.,.,.,.,.,.,.,.,.,.,.,.,.,.,.,.,.,.,.,.,.,.,.,.,.,.,.
7185,200807420,Omega_oil,1,EDEN_trophic,1,1,2,0,31,Aspiration,124,0,0,1,1,35,0,0,8,0,8,17,28,0,G,T,C,T,CT,T,A,C,C,G,C,A,C,A,CA,C,A,GA,G,G,C,T,G,A,G,GA,A,T,A,GA,C,C,G,T,A,CT,AG,A,T,T,TC,C,GT,GA,A
7188,200905423,Omega_placebo,0,EDEN_full,0,1,2,0,59,Sepsis,147,0,0,0,0,91,25,23,25,22,28,28,27,25,.,.,.,.,.,.,.,.,.,.,.,.,.,.,.,.,.,.,.,.,.,.,.,.,.,.,.,.,.,.,.,.,.,.,.,.,.,.,.,.,.,.,.,.,.
7194,200902254,Omega_placebo,0,EDEN_full,0,1,2,0,66,Pneumonia,150,0,0,0,0,91,16,14,21,9,28,0,28,0,.,.,.,.,.,.,.,.,.,.,.,.,.,.,.,.,.,.,.,.,.,.,.,.,.,.,.,.,.,.,.,.,.,.,.,.,.,.,.,.,.,.,.,.,.
7201,.,Omega_placebo,0,EDEN_full,0,0,2,0,56,Sepsis,119,0,0,0,0,91,24,22,0,22,28,28,28,0,.,.,.,.,.,.,.,.,.,.,.,.,.,.,.,.,.,.,.,.,.,.,.,.,.,.,.,.,.,.,.,.,.,.,.,.,.,.,.,.,.,.,.,.,.
7203,.,Omega_oil,1,EDEN_trophic,1,1,2,0,29,Pneumonia,116,0,0,1,1,32,0,1,28,14,28,0,10,0,.,.,.,.,.,.,.,.,.,.,.,.,.,.,.,.,.,.,.,.,.,.,.,.,.,.,.,.,.,.,.,.,.,.,.,.,.,.,.,.,.,.,.,.,.
7219,.,Omega_oil,1,EDEN_full,0,0,2,0,69,Pneumonia,99,0,1,1,1,19,0,0,9,0,17,18,18,8,.,.,.,.,.,.,.,.,.,.,.,.,.,.,.,.,.,.,.,.,.,.,.,.,.,.,.,.,.,.,.,.,.,.,.,.,.,.,.,.,.,.,.,.,.
8001,200808983,Omega_placebo,0,EDEN_full,0,1,2,0,63,Pneumonia,124,0,0,0,0,91,0,5,20,0,28,20,26,16,NC,NC,NC,NC,NC,NC,NC,NC,NC,NC,NC,NC,NC,NC,A,NC,NC,NC,NC,NC,NC,NC,NC,NC,NC,NC,NC,NC,NC,NC,NC,NC,NC,NC,NC,NC,NC,NC,NC,NC,NC,NC,NC,NC,NC
8003,200807801,Omega_placebo,0,EDEN_trophic,1,0,2,1,59,Pneumonia,93,0,0,0,0,91,23,23,22,22,0,28,28,0,.,.,.,.,.,.,.,.,.,.,.,.,.,.,.,.,.,.,.,.,.,.,.,.,.,.,.,.,.,.,.,.,.,.,.,.,.,.,.,.,.,.,.,.,.
8008,.,Omega_oil,1,EDEN_full,0,0,2,1,72,Aspiration,129,1,1,1,1,9,0,0,3,2,8,0,0,0,.,.,.,.,.,.,.,.,.,.,.,.,.,.,.,.,.,.,.,.,.,.,.,.,.,.,.,.,.,.,.,.,.,.,.,.,.,.,.,.,.,.,.,.,.
8010,.,Omega_placebo,0,EDEN_full,0,1,2,0,53,Pneumonia,114,0,0,0,0,91,20,20,21,22,24,19,28,13,.,.,.,.,.,.,.,.,.,.,.,.,.,.,.,.,.,.,.,.,.,.,.,.,.,.,.,.,.,.,.,.,.,.,.,.,.,.,.,.,.,.,.,.,.
8017,.,Omega_oil,1,EDEN_full,0,1,2,1,31,Sepsis,123,0,0,0,0,91,24,24,26,22,26,28,28,26,.,.,.,.,.,.,.,.,.,.,.,.,.,.,.,.,.,.,.,.,.,.,.,.,.,.,.,.,.,.,.,.,.,.,.,.,.,.,.,.,.,.,.,.,.
8019,.,Omega_placebo,0,EDEN_full,0,1,2,0,54,Pneumonia,67,0,0,0,0,91,26,24,4,22,28,28,28,4,.,.,.,.,.,.,.,.,.,.,.,.,.,.,.,.,.,.,.,.,.,.,.,.,.,.,.,.,.,.,.,.,.,.,.,.,.,.,.,.,.,.,.,.,.
